{"type":"FeatureCollection","attribution":"© OpenStreetMap contributors","license":"https://opendatacommons.org/licenses/odbl/1-0/","features":[{"type":"Feature","id":"way/171774566","geometry":{"type":"Polygon","coordinates":[[[127.0675859,37.2672541],[127.0672697,37.2671456],[127.0676686,37.2665674],[127.0671075,37.2663458],[127.0673599,37.2659793],[127.0674506,37.2658323],[127.0681901,37.2661648],[127.0675859,37.2672541]]]},"properties":{"osm_id":"way/171774566","name":"원천신미주아파트","source":"OpenStreetMap","license":"https://opendatacommons.org/licenses/odbl/1-0/","apartment_ids":["[\"41117\",\"원천동\",\"300-3\",\"원천신미주\"]"],"match_methods":["named_entrance"]}},{"type":"Feature","id":"way/422649679","geometry":{"type":"Polygon","coordinates":[[[127.0477663,37.276974],[127.0481417,37.2774436],[127.0476945,37.277652],[127.0466104,37.2781792],[127.0456466,37.2781384],[127.0455452,37.278005],[127.0456713,37.275629],[127.0458717,37.2755471],[127.0461385,37.2758797],[127.0464048,37.2758963],[127.0468397,37.276054],[127.0469604,37.2760775],[127.0473434,37.2760692],[127.0477663,37.276974]]]},"properties":{"osm_id":"way/422649679","name":"원천휴먼시아아파트","source":"OpenStreetMap","license":"https://opendatacommons.org/licenses/odbl/1-0/","apartment_ids":["[\"41117\",\"원천동\",\"35\",\"주공\"]"],"match_methods":["inside"]}},{"type":"Feature","id":"way/491463032","geometry":{"type":"Polygon","coordinates":[[[127.0564437,37.267016],[127.0564449,37.2669726],[127.0577984,37.2666682],[127.0578931,37.2669029],[127.05847,37.2667759],[127.0592618,37.2671166],[127.0592119,37.2671869],[127.0593992,37.267267],[127.0591222,37.267706],[127.0597356,37.2679723],[127.0603765,37.2682452],[127.0608614,37.2675618],[127.0636596,37.2688164],[127.0636932,37.2688636],[127.0637064,37.2689317],[127.0636714,37.2689778],[127.0635949,37.2690127],[127.0628973,37.2691878],[127.0616702,37.2696669],[127.0609369,37.2693237],[127.0607579,37.2692472],[127.0593826,37.2685211],[127.056437,37.267087],[127.0564437,37.267016]]]},"properties":{"osm_id":"way/491463032","name":"원천레이크파크아파트","source":"OpenStreetMap","license":"https://opendatacommons.org/licenses/odbl/1-0/","apartment_ids":["[\"41117\",\"원천동\",\"548\",\"원천레이크파크\"]"],"match_methods":["named_entrance"]}},{"type":"Feature","id":"way/542464270","geometry":{"type":"Polygon","coordinates":[[[127.0579948,37.2802323],[127.0591915,37.2804087],[127.0591646,37.2805687],[127.0591351,37.2812005],[127.0591512,37.2817287],[127.0591512,37.2820381],[127.0591351,37.2821992],[127.0590788,37.2825087],[127.0589849,37.2827093],[127.0588294,37.2829206],[127.0586151,37.2831279],[127.0563229,37.2847559],[127.0562262,37.2847591],[127.0546265,37.283442],[127.0550926,37.2831112],[127.056308,37.2832669],[127.0566615,37.2831888],[127.0569304,37.2830678],[127.0571176,37.282949],[127.057268,37.2828373],[127.0573568,37.2826986],[127.0573872,37.2825532],[127.057389,37.2823764],[127.0573294,37.2822391],[127.0571986,37.2820584],[127.0571396,37.2819175],[127.0570967,37.2817383],[127.0570484,37.2815611],[127.0570725,37.2813306],[127.0571396,37.2810937],[127.0572844,37.2808142],[127.057507,37.2805751],[127.0577699,37.2803468],[127.0579948,37.2802323]]]},"properties":{"osm_id":"way/542464270","name":"광교중흥S클래스아파트","source":"OpenStreetMap","license":"https://opendatacommons.org/licenses/odbl/1-0/","apartment_ids":["[\"41117\",\"원천동\",\"589\",\"광교중흥에스클래스\"]"],"match_methods":["inside"]}},{"type":"Feature","id":"way/491438501","geometry":{"type":"Polygon","coordinates":[[[127.0605567,37.275236],[127.0603285,37.274801],[127.0603056,37.2747536],[127.0601908,37.2745161],[127.0600942,37.274316],[127.0599061,37.2739304],[127.0598925,37.2739029],[127.0596783,37.2734679],[127.0596691,37.2734247],[127.0597089,37.2733769],[127.0597255,37.2733565],[127.0597385,37.2733405],[127.0606939,37.2730275],[127.060876,37.2729695],[127.0616089,37.2727232],[127.0622829,37.2740497],[127.0629985,37.2740352],[127.0630874,37.2740485],[127.0629585,37.2746554],[127.0629496,37.2747149],[127.0627082,37.2747305],[127.062533,37.2747551],[127.0623406,37.2747962],[127.0621919,37.2748372],[127.0610657,37.2752029],[127.0607168,37.2753121],[127.0605567,37.275236]]]},"properties":{"osm_id":"way/491438501","name":"광교아이파크","source":"OpenStreetMap","license":"https://opendatacommons.org/licenses/odbl/1-0/","apartment_ids":["[\"41117\",\"원천동\",\"593\",\"광교아이파크\"]"],"match_methods":["inside"]}},{"type":"Feature","id":"way/491438472","geometry":{"type":"Polygon","coordinates":[[[127.0626123,37.2721267],[127.0623947,37.2716937],[127.0612446,37.2720334],[127.0605623,37.2706383],[127.0610075,37.270453],[127.0611094,37.2704682],[127.062582,37.2713042],[127.0628571,37.2713871],[127.0634786,37.2716767],[127.063514,37.2717231],[127.0635234,37.2717706],[127.0635116,37.2718145],[127.0634716,37.2718469],[127.0626123,37.2721267]]]},"properties":{"osm_id":"way/491438472","name":"광교더샵아파트","source":"OpenStreetMap","license":"https://opendatacommons.org/licenses/odbl/1-0/","apartment_ids":["[\"41117\",\"원천동\",\"604\",\"광교더샵\"]"],"match_methods":["inside"]}},{"type":"Feature","id":"way/491438439","geometry":{"type":"Polygon","coordinates":[[[127.0548744,37.2739495],[127.0545247,37.2730307],[127.0581612,37.2716804],[127.0583003,37.2717365],[127.05905,37.2730268],[127.0590861,37.2731162],[127.0589961,37.2732406],[127.0589517,37.2732534],[127.0583774,37.2734191],[127.0576648,37.2735627],[127.0565953,37.2736732],[127.056437,37.2737052],[127.0557792,37.2738382],[127.0549259,37.2740268],[127.0548744,37.2739495]]]},"properties":{"osm_id":"way/491438439","name":"광교호반베르디움아파트","source":"OpenStreetMap","license":"https://opendatacommons.org/licenses/odbl/1-0/","apartment_ids":["[\"41117\",\"원천동\",\"606\",\"광교호반베르디움\"]"],"match_methods":["inside"]}},{"type":"Feature","id":"way/1422119486","geometry":{"type":"Polygon","coordinates":[[[127.0656749,37.2644865],[127.0657038,37.263891],[127.0657546,37.2636851],[127.0658465,37.2635063],[127.0657818,37.2633132],[127.0658604,37.2630786],[127.065882,37.2627429],[127.0661864,37.2624169],[127.0664234,37.2622588],[127.0666727,37.2622596],[127.0668359,37.2623733],[127.0669981,37.262369],[127.0671931,37.262252],[127.0674961,37.2622429],[127.0677466,37.2621729],[127.0684018,37.2616943],[127.0687821,37.2619839],[127.068542,37.2621823],[127.068777,37.2623452],[127.0685545,37.2627192],[127.0687227,37.2630674],[127.0686847,37.2632863],[127.0684684,37.2634581],[127.0687253,37.2637898],[127.0687285,37.264095],[127.0688269,37.2642549],[127.0688452,37.2644106],[127.0688189,37.264518],[127.0687695,37.2645817],[127.0687812,37.2648374],[127.0687723,37.2649735],[127.0686656,37.2652324],[127.0676503,37.2658305],[127.0673907,37.265794],[127.0656654,37.2646971],[127.0656749,37.2644865]]]},"properties":{"osm_id":"way/1422119486","name":"영흥숲푸르지오파크엔","source":"OpenStreetMap","license":"https://opendatacommons.org/licenses/odbl/1-0/","apartment_ids":["[\"41117\",\"원천동\",\"628\",\"영흥숲푸르지오파크비엔\"]"],"match_methods":["inside"]}},{"type":"Feature","id":"way/597389151","geometry":{"type":"Polygon","coordinates":[[[127.0398628,37.3075801],[127.0400072,37.3075061],[127.0406648,37.3070191],[127.040764,37.3069103],[127.0410134,37.3067443],[127.0412009,37.3066437],[127.0413203,37.3065987],[127.0414434,37.3065582],[127.0419894,37.3063597],[127.0419877,37.3065075],[127.0419824,37.3068489],[127.0419609,37.307075],[127.0419287,37.3071859],[127.0418697,37.307267],[127.0417034,37.3073438],[127.0411723,37.3074163],[127.0407324,37.307715],[127.0406091,37.3078388],[127.0405661,37.307971],[127.040534,37.3081332],[127.0404803,37.3081844],[127.0403569,37.3082356],[127.0400994,37.3082356],[127.0398634,37.3082313],[127.0395791,37.3082057],[127.0393216,37.3081545],[127.0392027,37.3080817],[127.0398628,37.3075801]]]},"properties":{"osm_id":"way/597389151","name":"광교대광로제비앙","source":"OpenStreetMap","license":"https://opendatacommons.org/licenses/odbl/1-0/","apartment_ids":["[\"41117\",\"이의동\",\"1182\",\"광교대광로제비앙\"]"],"match_methods":["inside"]}},{"type":"Feature","id":"way/597339428","geometry":{"type":"Polygon","coordinates":[[[127.0429691,37.3060226],[127.0434589,37.3058445],[127.0436509,37.3058085],[127.0443345,37.3055723],[127.0444453,37.3055131],[127.0445751,37.3054876],[127.044729,37.3054646],[127.0449221,37.3054466],[127.0451175,37.3054468],[127.0451676,37.3054855],[127.0451679,37.3073706],[127.0451557,37.3075413],[127.0451084,37.3076479],[127.0450178,37.3077289],[127.0448877,37.3078647],[127.0445544,37.3081784],[127.0444893,37.3082657],[127.044408,37.3085341],[127.0439079,37.3084112],[127.0438384,37.3084489],[127.0431411,37.3082398],[127.0426636,37.3080393],[127.0422023,37.307954],[127.0420896,37.3080564],[127.0419126,37.308163],[127.0417839,37.3082057],[127.041639,37.3081972],[127.0415371,37.308146],[127.0414996,37.3080478],[127.0415049,37.307954],[127.0415478,37.3078516],[127.0416712,37.3076894],[127.0418321,37.3075316],[127.0420467,37.3073779],[127.0421862,37.3072755],[127.042272,37.3071689],[127.042331,37.3070665],[127.0423579,37.3069555],[127.0424115,37.3068446],[127.0425027,37.3067294],[127.0425993,37.3066355],[127.0426744,37.3065843],[127.0427709,37.3065587],[127.0428889,37.3065544],[127.0429909,37.3065502],[127.0430767,37.3065203],[127.0431303,37.3064606],[127.043125,37.306388],[127.0430928,37.3062814],[127.0430445,37.3061662],[127.0429691,37.3060226]]]},"properties":{"osm_id":"way/597339428","name":"광교웰빙타운호반베르디움","source":"OpenStreetMap","license":"https://opendatacommons.org/licenses/odbl/1-0/","apartment_ids":["[\"41117\",\"이의동\",\"1184\",\"광교호반베르디움\"]"],"match_methods":["inside"]}},{"type":"Feature","id":"way/472839323","geometry":{"type":"Polygon","coordinates":[[[127.048019,37.3052498],[127.048035,37.3039975],[127.0483972,37.303863],[127.0485702,37.3040358],[127.0486567,37.3041137],[127.0487646,37.3041916],[127.0488448,37.3042352],[127.0489222,37.3042617],[127.0493078,37.3043745],[127.049682,37.3045191],[127.0497651,37.3045735],[127.0500803,37.3049064],[127.0503901,37.3052499],[127.0490181,37.305229],[127.0489283,37.305253],[127.048019,37.3052498]]]},"properties":{"osm_id":"way/472839323","name":"광교한양수자인아파트","source":"OpenStreetMap","license":"https://opendatacommons.org/licenses/odbl/1-0/","apartment_ids":["[\"41117\",\"이의동\",\"1211\",\"광교한양수자인\"]"],"match_methods":["inside"]}},{"type":"Feature","id":"way/482143739","geometry":{"type":"Polygon","coordinates":[[[127.0533111,37.3088258],[127.053065,37.3092128],[127.0527731,37.3086907],[127.0524616,37.3074633],[127.0525607,37.3071818],[127.0522386,37.3063842],[127.0519579,37.3061718],[127.0518781,37.3051474],[127.052499,37.3051798],[127.052908,37.3049914],[127.0535376,37.3054703],[127.05358,37.3056166],[127.0531129,37.3063373],[127.0532686,37.3066976],[127.0536367,37.3069228],[127.0542163,37.307062],[127.0538773,37.3077765],[127.0533763,37.3086946],[127.0533111,37.3088258]]]},"properties":{"osm_id":"way/482143739","name":"광교해모로","source":"OpenStreetMap","license":"https://opendatacommons.org/licenses/odbl/1-0/","apartment_ids":["[\"41117\",\"이의동\",\"1226\",\"광교 해모로 아파트\"]"],"match_methods":["inside"]}},{"type":"Feature","id":"way/598249104","geometry":{"type":"Polygon","coordinates":[[[127.0480839,37.3026238],[127.0490168,37.3024842],[127.0494508,37.3023958],[127.0498682,37.3022787],[127.0503275,37.3021299],[127.0507715,37.3019538],[127.0509135,37.3022675],[127.0510718,37.3031423],[127.0511121,37.3035391],[127.0511577,37.3044693],[127.0513132,37.3052054],[127.0510987,37.3052267],[127.050691,37.3052309],[127.0502028,37.3046549],[127.0499399,37.3043861],[127.0498433,37.3043008],[127.0497133,37.3042431],[127.0491111,37.3040063],[127.0488939,37.3038911],[127.0487329,37.3037545],[127.04867,37.3036797],[127.048631,37.3036138],[127.0486042,37.3034602],[127.0485666,37.3032767],[127.048513,37.3031359],[127.0483949,37.3029225],[127.0481885,37.3027283],[127.0480839,37.3026238]]]},"properties":{"osm_id":"way/598249104","name":"광교호반베르디움트라엘","source":"OpenStreetMap","license":"https://opendatacommons.org/licenses/odbl/1-0/","apartment_ids":["[\"41117\",\"이의동\",\"1229\",\"광교호반베르디움트라엘\"]"],"match_methods":["inside"]}},{"type":"Feature","id":"way/669470972","geometry":{"type":"Polygon","coordinates":[[[127.0374468,37.3026286],[127.0376989,37.3024515],[127.0383185,37.3021315],[127.0384365,37.3021251],[127.0385411,37.3021123],[127.038635,37.3020867],[127.0387799,37.3020248],[127.038922,37.301948],[127.0390025,37.3019075],[127.0391366,37.3018861],[127.0396435,37.3018712],[127.0397347,37.3018605],[127.0399466,37.3017944],[127.0400727,37.3017496],[127.0402068,37.3016813],[127.0405501,37.3014189],[127.0406842,37.3013784],[127.040998,37.3013485],[127.0410463,37.3013207],[127.0411536,37.3014018],[127.0411026,37.301468],[127.0410731,37.3015426],[127.0410678,37.3016024],[127.0410892,37.3016813],[127.0411348,37.301756],[127.0412475,37.3018776],[127.0412394,37.3019502],[127.040424,37.3023769],[127.0402551,37.3024665],[127.0400029,37.3025924],[127.0397159,37.3026713],[127.0389864,37.3028804],[127.038753,37.3029785],[127.0386431,37.3030447],[127.038053,37.3033647],[127.0374468,37.3026286]]]},"properties":{"osm_id":"way/669470972","name":"광교역참누리포레스트","source":"OpenStreetMap","license":"https://opendatacommons.org/licenses/odbl/1-0/","apartment_ids":["[\"41117\",\"이의동\",\"1252\",\"광교역참누리포레스트\"]"],"match_methods":["inside"]}},{"type":"Feature","id":"way/669470979","geometry":{"type":"Polygon","coordinates":[[[127.0416096,37.3011575],[127.0425644,37.3012141],[127.0425537,37.3014018],[127.0415398,37.3019267],[127.0412435,37.3015608],[127.0416096,37.3011575]]]},"properties":{"osm_id":"way/669470979","name":"광교시티아이","source":"OpenStreetMap","license":"https://opendatacommons.org/licenses/odbl/1-0/","apartment_ids":["[\"41117\",\"이의동\",\"1253\",\"광교시티아이\"]"],"match_methods":["inside"]}},{"type":"Feature","id":"way/363002655","geometry":{"type":"Polygon","coordinates":[[[127.0583939,37.2937947],[127.0578397,37.2937248],[127.0574203,37.2936582],[127.0577234,37.2930499],[127.05789,37.2925935],[127.0579624,37.2923185],[127.0579677,37.2921971],[127.0580203,37.2919731],[127.0580609,37.2918385],[127.0581291,37.2917049],[127.0582272,37.2915664],[127.0583476,37.2914334],[127.0584183,37.2913669],[127.0584948,37.2913125],[127.0586162,37.2912516],[127.0588039,37.2911589],[127.0589591,37.2911006],[127.0592116,37.2910308],[127.0592763,37.2910513],[127.0599136,37.2916432],[127.0599367,37.2916301],[127.0600695,37.2917659],[127.0607337,37.2924546],[127.0603388,37.2928143],[127.0602383,37.2929234],[127.0600808,37.292995],[127.0599501,37.2930133],[127.0598048,37.2930004],[127.059633,37.2929982],[127.0594719,37.2930066],[127.0593601,37.2930545],[127.0592854,37.2931276],[127.0592185,37.2932281],[127.0591678,37.2933329],[127.0590764,37.2934681],[127.0589744,37.2935713],[127.0588561,37.2936683],[127.0587244,37.2937503],[127.0585994,37.2937832],[127.0585127,37.2937932],[127.0583939,37.2937947]]]},"properties":{"osm_id":"way/363002655","name":"오드카운티","source":"OpenStreetMap","license":"https://opendatacommons.org/licenses/odbl/1-0/","apartment_ids":["[\"41117\",\"이의동\",\"1303\",\"오드카운티\"]"],"match_methods":["inside"]}},{"type":"Feature","id":"way/363002412","geometry":{"type":"Polygon","coordinates":[[[127.060826,37.2923956],[127.0601701,37.2917088],[127.0600398,37.2915706],[127.0600578,37.2915611],[127.0595104,37.2909942],[127.0595252,37.2909381],[127.0609344,37.2903856],[127.0612594,37.2902295],[127.0616122,37.2900055],[127.0616729,37.2900072],[127.061871,37.2901805],[127.0620199,37.2902626],[127.0627167,37.2908588],[127.0630362,37.291049],[127.0632121,37.2911334],[127.0630594,37.2913897],[127.062654,37.2917566],[127.0621636,37.2919323],[127.061071,37.292299],[127.060826,37.2923956]]]},"properties":{"osm_id":"way/363002412","name":"광교 래미안아파트","source":"OpenStreetMap","license":"https://opendatacommons.org/licenses/odbl/1-0/","apartment_ids":["[\"41117\",\"이의동\",\"1304\",\"래미안광교\"]"],"match_methods":["inside"]}},{"type":"Feature","id":"way/325116961","geometry":{"type":"Polygon","coordinates":[[[127.0512619,37.2916495],[127.0523828,37.2908143],[127.0523083,37.2907541],[127.0524892,37.2906169],[127.0526911,37.2904567],[127.0527461,37.2904685],[127.0527938,37.2904861],[127.0530383,37.2906617],[127.0531787,37.2907346],[127.0532856,37.2907824],[127.0533864,37.2908172],[127.0535202,37.2908592],[127.0536499,37.2908882],[127.0538249,37.2909238],[127.0539551,37.2909383],[127.0541093,37.290949],[127.0542092,37.2909496],[127.05425,37.290948],[127.0543289,37.2909409],[127.0544386,37.2909277],[127.054568,37.2909043],[127.0546415,37.2908828],[127.0547192,37.2908603],[127.0551603,37.2908022],[127.055368,37.290706],[127.0555781,37.2905329],[127.0557842,37.2903605],[127.0562472,37.2900526],[127.0563857,37.2900107],[127.0564404,37.2900588],[127.0569921,37.2905475],[127.0575283,37.2910376],[127.057355,37.2913198],[127.0571963,37.2917359],[127.0571215,37.2923007],[127.05696,37.2926977],[127.0567825,37.2930383],[127.0566192,37.2932297],[127.056438,37.2933788],[127.0562937,37.2934478],[127.0546931,37.2930734],[127.0538379,37.2929228],[127.0530734,37.2928994],[127.0527691,37.2929471],[127.0520156,37.292296],[127.0514305,37.2917913],[127.0512619,37.2916495]]]},"properties":{"osm_id":"way/325116961","name":"광교e편한세상","source":"OpenStreetMap","license":"https://opendatacommons.org/licenses/odbl/1-0/","apartment_ids":["[\"41117\",\"이의동\",\"1326\",\"광교e편한세상\"]"],"match_methods":["inside"]}},{"type":"Feature","id":"way/481606381","geometry":{"type":"Polygon","coordinates":[[[127.0485908,37.2909655],[127.0486751,37.2909545],[127.0487464,37.2910005],[127.0495733,37.2917119],[127.0495772,37.2917872],[127.0481653,37.2928417],[127.0480627,37.2928415],[127.0471789,37.2921413],[127.0471157,37.2920908],[127.0471383,37.2920464],[127.0471965,37.2919794],[127.0485186,37.2909985],[127.0485908,37.2909655]]]},"properties":{"osm_id":"way/481606381","name":"광교 푸르지오월드마크아파트","source":"OpenStreetMap","license":"https://opendatacommons.org/licenses/odbl/1-0/","apartment_ids":["[\"41117\",\"이의동\",\"1331\",\"광교푸르지오월드마크\"]"],"match_methods":["inside"]}},{"type":"Feature","id":"way/325116081","geometry":{"type":"Polygon","coordinates":[[[127.0502176,37.2918992],[127.0489653,37.2908388],[127.048971,37.2907473],[127.049233,37.2905482],[127.0493345,37.2904252],[127.0501201,37.2898836],[127.0502447,37.289824],[127.0506912,37.2894828],[127.0508014,37.2894814],[127.0520327,37.29053],[127.0520282,37.2906311],[127.0503205,37.291906],[127.0502176,37.2918992]]]},"properties":{"osm_id":"way/325116081","name":"써밋플레이스광교아파트","source":"OpenStreetMap","license":"https://opendatacommons.org/licenses/odbl/1-0/","apartment_ids":["[\"41117\",\"이의동\",\"1332\",\"SummitPlace광교\"]"],"match_methods":["inside"]}},{"type":"Feature","id":"way/397621251","geometry":{"type":"Polygon","coordinates":[[[127.0542956,37.2838627],[127.054405,37.2838658],[127.0546625,37.2840917],[127.0547819,37.284148],[127.0552231,37.2845286],[127.0553277,37.2846566],[127.0557421,37.2850066],[127.0557529,37.2850664],[127.0557448,37.2851189],[127.0545848,37.2859882],[127.0544681,37.285989],[127.0535963,37.2851275],[127.0535103,37.285088],[127.0531131,37.2847103],[127.0531261,37.2846053],[127.0532276,37.2845457],[127.0533268,37.2844464],[127.053481,37.2843525],[127.0542956,37.2838627]]]},"properties":{"osm_id":"way/397621251","name":"자연앤자이3단지아파트","source":"OpenStreetMap","license":"https://opendatacommons.org/licenses/odbl/1-0/","apartment_ids":["[\"41117\",\"이의동\",\"1339\",\"자연앤자이3단지\"]"],"match_methods":["inside"]}},{"type":"Feature","id":"way/583307826","geometry":{"type":"Polygon","coordinates":[[[127.0493289,37.2899156],[127.0488157,37.2894691],[127.0491566,37.2892649],[127.0487148,37.2887657],[127.0484753,37.2887378],[127.0481696,37.2885885],[127.0478974,37.2883261],[127.048059,37.2882594],[127.0481864,37.2882119],[127.048289,37.2881762],[127.048405,37.2881383],[127.0485102,37.2881079],[127.0486739,37.2880631],[127.0487925,37.2880439],[127.048873,37.288022],[127.0490366,37.2879564],[127.0492016,37.2878747],[127.0493518,37.2878011],[127.0494718,37.2877302],[127.0495583,37.2876421],[127.0497112,37.2875258],[127.0497807,37.287473],[127.0498836,37.2873741],[127.0499727,37.2872736],[127.05007,37.2871858],[127.0501726,37.2870534],[127.0502669,37.2869463],[127.0504119,37.2867586],[127.0505192,37.286606],[127.0508853,37.2861291],[127.0509752,37.2860639],[127.0510877,37.2859531],[127.0511998,37.2858546],[127.0513185,37.2857599],[127.0514741,37.2856532],[127.0518362,37.2853572],[127.052434,37.2859762],[127.0522293,37.2861012],[127.0522662,37.2861394],[127.0527158,37.2866063],[127.0529464,37.2864656],[127.0534023,37.2868974],[127.0512433,37.2884458],[127.0493289,37.2899156]]]},"properties":{"osm_id":"way/583307826","name":"자연앤힐스테이트아파트","source":"OpenStreetMap","license":"https://opendatacommons.org/licenses/odbl/1-0/","apartment_ids":["[\"41117\",\"이의동\",\"1344\",\"자연앤힐스테이트\"]"],"match_methods":["inside"]}},{"type":"Feature","id":"way/378415109","geometry":{"type":"Polygon","coordinates":[[[127.0491386,37.2876048],[127.0488607,37.2877491],[127.0485871,37.287855],[127.0483606,37.2879325],[127.0481085,37.2880221],[127.0478645,37.2881063],[127.0476311,37.2881959],[127.0473482,37.2883399],[127.0470401,37.2885512],[127.0469673,37.2886478],[127.0466518,37.2888748],[127.0459226,37.2882691],[127.0461647,37.2881224],[127.0464456,37.2879441],[127.0468492,37.2877894],[127.0471296,37.2876283],[127.0472476,37.2875793],[127.0476633,37.2874597],[127.0479718,37.2873153],[127.0480845,37.2871834],[127.0481255,37.2871339],[127.0481596,37.2870756],[127.0481976,37.2869919],[127.0482186,37.2869134],[127.0482776,37.286794],[127.0483474,37.2867044],[127.0484682,37.2866557],[127.0498494,37.2860982],[127.0499459,37.2860513],[127.0500452,37.2859041],[127.0505564,37.2861667],[127.0504478,37.286326],[127.0501621,37.2867403],[127.0498949,37.287067],[127.0497402,37.2872195],[127.0496513,37.2873065],[127.0495184,37.2874013],[127.0493513,37.2874956],[127.0491386,37.2876048]]]},"properties":{"osm_id":"way/378415109","name":"자연앤자이2단지아파트","source":"OpenStreetMap","license":"https://opendatacommons.org/licenses/odbl/1-0/","apartment_ids":["[\"41117\",\"이의동\",\"1353\",\"자연앤자이2단지\"]"],"match_methods":["inside"]}},{"type":"Feature","id":"way/621130291","geometry":{"type":"Polygon","coordinates":[[[127.0438352,37.2859634],[127.0443983,37.2857253],[127.0449009,37.28644],[127.044596,37.2867612],[127.0444056,37.2868283],[127.0438352,37.2859634]]]},"properties":{"osm_id":"way/621130291","name":"광교아르데코아파트","source":"OpenStreetMap","license":"https://opendatacommons.org/licenses/odbl/1-0/","apartment_ids":["[\"41117\",\"이의동\",\"1358\",\"광교아르데코\"]"],"match_methods":["inside"]}},{"type":"Feature","id":"way/1014509360","geometry":{"type":"Polygon","coordinates":[[[127.0500452,37.2859041],[127.0500801,37.2858123],[127.0500966,37.2856803],[127.0500756,37.2855184],[127.0499254,37.285207],[127.0497574,37.2849933],[127.049699,37.2847406],[127.0498387,37.2845063],[127.0501657,37.2844519],[127.0506032,37.2844519],[127.0508441,37.2844569],[127.0510228,37.2844144],[127.051751,37.2851464],[127.0514573,37.2853214],[127.0512079,37.2854772],[127.0510966,37.2855615],[127.0510121,37.2856266],[127.0508814,37.2857266],[127.0508053,37.2857972],[127.0507029,37.2859519],[127.0505564,37.2861667],[127.0500452,37.2859041]]]},"properties":{"osm_id":"way/1014509360","name":"자연앤자이1차아파트","source":"OpenStreetMap","license":"https://opendatacommons.org/licenses/odbl/1-0/","apartment_ids":["[\"41117\",\"이의동\",\"1367\",\"자연앤자이1단지\"]"],"match_methods":["inside"]}},{"type":"Feature","id":"way/397734326","geometry":{"type":"Polygon","coordinates":[[[127.0529755,37.2844082],[127.0528569,37.2843982],[127.0527736,37.2843152],[127.0526677,37.2842522],[127.0521769,37.283762],[127.053442,37.2829583],[127.0541374,37.283604],[127.0541368,37.2837021],[127.0539565,37.2838126],[127.0537868,37.283883],[127.0531941,37.2842522],[127.0531122,37.2843211],[127.0529755,37.2844082]]]},"properties":{"osm_id":"way/397734326","name":"광교에듀타운50단지아파트","source":"OpenStreetMap","license":"https://opendatacommons.org/licenses/odbl/1-0/","apartment_ids":["[\"41117\",\"이의동\",\"1370\",\"광교에듀포레\"]"],"match_methods":["inside"]}},{"type":"Feature","id":"way/461684209","geometry":{"type":"Polygon","coordinates":[[[127.0835159,37.2967769],[127.0831994,37.2966531],[127.0831243,37.296333],[127.0830802,37.2959445],[127.0831116,37.2958619],[127.0831711,37.2957126],[127.0823089,37.2954923],[127.0821211,37.2954497],[127.0819924,37.2954326],[127.0818207,37.2954241],[127.0814989,37.2954326],[127.081354,37.2954326],[127.0812655,37.2954198],[127.080544,37.2952288],[127.0804313,37.2948405],[127.0799378,37.2949344],[127.0798412,37.2946228],[127.0800236,37.2945418],[127.0801685,37.2944564],[127.0803187,37.2943625],[127.0804099,37.2942814],[127.0804903,37.2941747],[127.0805708,37.2940851],[127.0806727,37.294051],[127.0808873,37.294004],[127.0811448,37.2939699],[127.0813701,37.2939784],[127.0817349,37.294004],[127.0825074,37.2940723],[127.082856,37.2941107],[127.0831672,37.2941705],[127.0834622,37.2942558],[127.0840738,37.2944735],[127.0843581,37.2946143],[127.0845941,37.2947253],[127.0848516,37.2948234],[127.0850984,37.294913],[127.0854041,37.2950112],[127.0857153,37.2950955],[127.0861176,37.2952022],[127.0864931,37.295279],[127.0869008,37.2953344],[127.0868847,37.2955436],[127.0868847,37.2957143],[127.0868901,37.2958508],[127.0869276,37.2959532],[127.0869974,37.2960258],[127.0870457,37.2961453],[127.0870242,37.296316],[127.0869867,37.2964739],[127.0869008,37.2966702],[127.0867667,37.2968409],[127.086595,37.2970286],[127.0864824,37.2971481],[127.086359,37.2971652],[127.0862249,37.2971439],[127.0860747,37.2970841],[127.085962,37.2970372],[127.0858011,37.2970073],[127.0855919,37.296939],[127.08549,37.2968878],[127.0854363,37.296811],[127.0853881,37.2967256],[127.0853451,37.296636],[127.0852915,37.2965507],[127.0852003,37.2964525],[127.0850662,37.2964099],[127.0847282,37.2963032],[127.0843903,37.2961922],[127.0841972,37.2961453],[127.0840577,37.2961069],[127.0835159,37.2967769]]]},"properties":{"osm_id":"way/461684209","name":"광교더포레스트","source":"OpenStreetMap","license":"https://opendatacommons.org/licenses/odbl/1-0/","apartment_ids":["[\"41117\",\"하동\",\"1001\",\"광교더포레스트\"]"],"match_methods":["named_entrance"]}},{"type":"Feature","id":"way/363002758","geometry":{"type":"Polygon","coordinates":[[[127.0628765,37.290543],[127.0620593,37.2897656],[127.0620601,37.2896758],[127.0631751,37.2888277],[127.063553,37.2884528],[127.0636704,37.288253],[127.0637799,37.2880505],[127.0638022,37.2879508],[127.0639211,37.2879043],[127.0642151,37.2879583],[127.0643704,37.2879586],[127.0650979,37.2880757],[127.0634291,37.2908145],[127.0628765,37.290543]]]},"properties":{"osm_id":"way/363002758","name":"광교더러브아파트","source":"OpenStreetMap","license":"https://opendatacommons.org/licenses/odbl/1-0/","apartment_ids":["[\"41117\",\"하동\",\"1013\",\"광교더리브\"]"],"match_methods":["inside"]}},{"type":"Feature","id":"way/542464275","geometry":{"type":"Polygon","coordinates":[[[127.0635764,37.2840353],[127.0652756,37.283767],[127.0656288,37.28393],[127.0659773,37.2839733],[127.0660486,37.2847447],[127.0657297,37.2852104],[127.065155,37.2853682],[127.0651353,37.285495],[127.0649102,37.2858198],[127.0652281,37.2860809],[127.0652653,37.2867864],[127.0652275,37.2869509],[127.0649563,37.2869516],[127.0641884,37.2868782],[127.0640777,37.2869162],[127.0639329,37.2867731],[127.0637552,37.2865943],[127.0636747,37.2864374],[127.0636384,37.2862729],[127.0636117,37.2861697],[127.0636091,37.2860565],[127.063643,37.285864],[127.0636437,37.2856453],[127.0636193,37.2850259],[127.0635755,37.2848466],[127.0635152,37.2847559],[127.0634633,37.284654],[127.0634499,37.2845718],[127.0634763,37.2844379],[127.0635666,37.2842401],[127.0635809,37.2841412],[127.0635764,37.2840353]]]},"properties":{"osm_id":"way/542464275","name":"힐스테이트 광교","source":"OpenStreetMap","license":"https://opendatacommons.org/licenses/odbl/1-0/","apartment_ids":["[\"41117\",\"하동\",\"1021\",\"힐스테이트광교\"]"],"match_methods":["inside"]}},{"type":"Feature","id":"way/491449584","geometry":{"type":"Polygon","coordinates":[[[127.070361,37.2810124],[127.0705104,37.2805932],[127.0705185,37.2805275],[127.0705173,37.280431],[127.0703592,37.2798714],[127.0703088,37.2797088],[127.0702584,37.2795087],[127.0702788,37.2794199],[127.0710413,37.2795892],[127.071213,37.2797599],[127.0712452,37.2798879],[127.0715778,37.2801312],[127.0717572,37.2803131],[127.0718782,37.2805495],[127.0721894,37.2808358],[127.0729141,37.2808181],[127.072781,37.2811947],[127.071864,37.281583],[127.070361,37.2810124]]]},"properties":{"osm_id":"way/491449584","name":"","source":"OpenStreetMap","license":"https://opendatacommons.org/licenses/odbl/1-0/","apartment_ids":["[\"41117\",\"하동\",\"1027\",\"광교LAKEPARK한양수자인\"]"],"match_methods":["inside"]}},{"type":"Feature","id":"way/491438519","geometry":{"type":"Polygon","coordinates":[[[127.0686009,37.2799973],[127.0689127,37.2797295],[127.0690466,37.2794976],[127.06915,37.2790326],[127.0698178,37.2793313],[127.06994,37.2794358],[127.0699941,37.2795484],[127.0700478,37.2798373],[127.0701325,37.2801066],[127.0702377,37.2803592],[127.0702699,37.2805003],[127.0702676,37.2806187],[127.0702462,37.2807258],[127.0700665,37.2809381],[127.0695585,37.2807096],[127.069246,37.2805312],[127.0688931,37.2802721],[127.0686009,37.2799973]]]},"properties":{"osm_id":"way/491438519","name":"광교호반마을22단지","source":"OpenStreetMap","license":"https://opendatacommons.org/licenses/odbl/1-0/","apartment_ids":["[\"41117\",\"하동\",\"1028\",\"광교모아엘가레이크뷰\"]"],"match_methods":["inside"]}},{"type":"Feature","id":"way/491438520","geometry":{"type":"Polygon","coordinates":[[[127.0677825,37.2787526],[127.0674491,37.2776721],[127.0671588,37.2765422],[127.0672226,37.2764512],[127.0680841,37.2764589],[127.0685226,37.2768244],[127.0687875,37.2770453],[127.0688416,37.2771766],[127.0688418,37.277306],[127.0687546,37.2776076],[127.0686641,37.2777617],[127.0685864,37.2780161],[127.0685473,37.2781326],[127.0685181,37.278309],[127.0685738,37.2785537],[127.06823,37.278685],[127.0677825,37.2787526]]]},"properties":{"osm_id":"way/491438520","name":"광교호반마을21단지","source":"OpenStreetMap","license":"https://opendatacommons.org/licenses/odbl/1-0/","apartment_ids":["[\"41117\",\"하동\",\"1032\",\"광교모아엘가레이크파크\"]"],"match_methods":["inside"]}},{"type":"Feature","id":"way/538569531","geometry":{"type":"Polygon","coordinates":[[[127.0723326,37.2923835],[127.0722107,37.2923253],[127.0721537,37.2921636],[127.0719992,37.2916655],[127.0716915,37.2906814],[127.0715385,37.2904152],[127.0713081,37.2901648],[127.0708555,37.2899703],[127.0713816,37.2891872],[127.0715482,37.2892264],[127.0720453,37.2894263],[127.0724733,37.2895759],[127.0728804,37.2897182],[127.0732248,37.2899463],[127.0733957,37.2901323],[127.0735186,37.2903236],[127.0735827,37.2904497],[127.0736805,37.2905587],[127.0738453,37.2907144],[127.0739068,37.2908914],[127.0740596,37.2908883],[127.0744395,37.2911263],[127.0749457,37.2914602],[127.0754833,37.2918528],[127.0723326,37.2923835]]]},"properties":{"osm_id":"way/538569531","name":"광교호수마을호반써밋아파트","source":"OpenStreetMap","license":"https://opendatacommons.org/licenses/odbl/1-0/","apartment_ids":["[\"41117\",\"하동\",\"994\",\"광교호수마을호반써밋\"]"],"match_methods":["inside"]}},{"type":"Feature","id":"way/263598792","geometry":{"type":"Polygon","coordinates":[[[127.1162823,37.3462578],[127.1162716,37.3447459],[127.1176341,37.344747],[127.1176328,37.3451004],[127.1183208,37.345102],[127.1183153,37.3463644],[127.1163869,37.3463537],[127.1162823,37.3462578]]]},"properties":{"osm_id":"way/263598792","name":"하얀마을5단지주공아파트","source":"OpenStreetMap","license":"https://opendatacommons.org/licenses/odbl/1-0/","apartment_ids":["[\"41135\",\"구미동\",\"110\",\"하얀마을(5단지)(주공)\"]"],"match_methods":["inside"]}},{"type":"Feature","id":"way/469282784","geometry":{"type":"Polygon","coordinates":[[[127.1120535,37.3484215],[127.1120637,37.3476222],[127.1120844,37.3459917],[127.112138,37.345932],[127.1123365,37.3459277],[127.1126101,37.3459448],[127.1130178,37.3460173],[127.1135864,37.3461495],[127.1138385,37.3462177],[127.1141068,37.3462945],[127.1143374,37.3463585],[127.1147371,37.3464651],[127.1147157,37.347625],[127.1147139,37.3477402],[127.1146955,37.3484343],[127.113781,37.3484299],[127.1120535,37.3484215]]]},"properties":{"osm_id":"way/469282784","name":"까치마을4단지롯데.선경아파트","source":"OpenStreetMap","license":"https://opendatacommons.org/licenses/odbl/1-0/","apartment_ids":["[\"41135\",\"구미동\",\"63\",\"까치마을(4단지)(롯데)\"]"],"match_methods":["inside"]}},{"type":"Feature","id":"way/469276792","geometry":{"type":"Polygon","coordinates":[[[127.1120643,37.3496582],[127.1120535,37.3484215],[127.113781,37.3484299],[127.1146955,37.3484343],[127.1146932,37.3485842],[127.1158759,37.3485957],[127.1158623,37.3500675],[127.1158408,37.3501869],[127.1157872,37.3503063],[127.1157067,37.3504513],[127.1155833,37.3505963],[127.1154546,37.3506987],[127.1152507,37.3504855],[127.1151381,37.3503746],[127.1149664,37.3502381],[127.114784,37.3501059],[127.1145694,37.3499823],[127.1144273,37.3499183],[127.1142959,37.3498714],[127.1141269,37.3498223],[127.1139579,37.3497733],[127.1136789,37.3497093],[127.1134751,37.349688],[127.113223,37.3496709],[127.113062,37.3496709],[127.1120643,37.3496582]]]},"properties":{"osm_id":"way/469276792","name":"까치마을3단지신원아파트","source":"OpenStreetMap","license":"https://opendatacommons.org/licenses/odbl/1-0/","apartment_ids":["[\"41135\",\"구미동\",\"66\",\"까치마을(3단지)(신원)\"]"],"match_methods":["named_entrance"]}},{"type":"Feature","id":"way/469850920","geometry":{"type":"Polygon","coordinates":[[[127.1162351,37.3484556],[127.1162244,37.346737],[127.1163156,37.3465877],[127.1183058,37.3466133],[127.1183111,37.3484215],[127.1182307,37.3484598],[127.1162351,37.3484556]]]},"properties":{"osm_id":"way/469850920","name":"까치마을2단지주공아파트","source":"OpenStreetMap","license":"https://opendatacommons.org/licenses/odbl/1-0/","apartment_ids":["[\"41135\",\"구미동\",\"88\",\"까치마을(2단지)(주공)\"]"],"match_methods":["inside"]}},{"type":"Feature","id":"way/468978174","geometry":{"type":"Polygon","coordinates":[[[127.1159078,37.3523006],[127.1138103,37.3534849],[127.1136172,37.3532803],[127.1134187,37.3533933],[127.1133892,37.3533634],[127.1130191,37.3535777],[127.1123136,37.3527717],[127.1150146,37.351275],[127.1159078,37.3523006]]]},"properties":{"osm_id":"way/468978174","name":"청솔마을9단지주공아파트","source":"OpenStreetMap","license":"https://opendatacommons.org/licenses/odbl/1-0/","apartment_ids":["[\"41135\",\"금곡동\",\"133\",\"청솔마을(주공9단지)\"]"],"match_methods":["inside"]}},{"type":"Feature","id":"way/469050550","geometry":{"type":"Polygon","coordinates":[[[127.106251,37.3517153],[127.1069754,37.3517259],[127.1071498,37.3517246],[127.1071937,37.3517291],[127.1073948,37.3517349],[127.1074006,37.3515998],[127.1074068,37.3514573],[127.107409,37.3514078],[127.1084889,37.3514228],[127.1084864,37.3523926],[127.1061054,37.3523802],[127.106251,37.3517153]]]},"properties":{"osm_id":"way/469050550","name":"청솔마을서광영남아파트","source":"OpenStreetMap","license":"https://opendatacommons.org/licenses/odbl/1-0/","apartment_ids":["[\"41135\",\"금곡동\",\"177\",\"청솔마을(서광)\"]"],"match_methods":["inside"]}},{"type":"Feature","id":"way/277793946","geometry":{"type":"Polygon","coordinates":[[[127.1132134,37.394537],[127.113212,37.3941995],[127.1132427,37.3940963],[127.1132291,37.3934639],[127.1132018,37.3933582],[127.1132225,37.3925587],[127.1132637,37.3925025],[127.1132711,37.3920578],[127.1133563,37.3920256],[127.1139671,37.3920468],[127.1140845,37.3920207],[127.1157115,37.3920762],[127.1157793,37.392104],[127.1166113,37.3921366],[127.1166868,37.3921741],[127.1166547,37.3933674],[127.1153511,37.3933632],[127.1153452,37.3945266],[127.1132134,37.394537]]]},"properties":{"osm_id":"way/277793946","name":"판교푸르지오그랑블아파트","source":"OpenStreetMap","license":"https://opendatacommons.org/licenses/odbl/1-0/","apartment_ids":["[\"41135\",\"백현동\",\"542\",\"판교푸르지오그랑블\"]"],"match_methods":["inside"]}},{"type":"Feature","id":"way/428749925","geometry":{"type":"Polygon","coordinates":[[[127.1201717,37.3945063],[127.118557,37.394502],[127.1185677,37.3933726],[127.1185141,37.3933002],[127.118439,37.3932618],[127.1170764,37.3932661],[127.1170644,37.3922396],[127.1171478,37.392198],[127.1177484,37.3922082],[127.1178816,37.3921894],[127.118026,37.3921904],[127.1182417,37.3921877],[127.1185347,37.3921657],[127.1187305,37.3921474],[127.1191481,37.3920744],[127.1192892,37.3920647],[127.1196719,37.3919612],[127.1198874,37.3920514],[127.120043,37.3926267],[127.1201289,37.3929784],[127.1201735,37.3933185],[127.1201851,37.3939203],[127.1201717,37.3943827],[127.1201717,37.3945063]]]},"properties":{"osm_id":"way/428749925","name":"백현마을2단지휴먼시아아파트","source":"OpenStreetMap","license":"https://opendatacommons.org/licenses/odbl/1-0/","apartment_ids":["[\"41135\",\"백현동\",\"545\",\"백현마을2단지\"]"],"match_methods":["inside"]}},{"type":"Feature","id":"way/900842916","geometry":{"type":"Polygon","coordinates":[[[127.0920395,37.3833451],[127.0935418,37.3828414],[127.0944451,37.3825648],[127.0953398,37.3823812],[127.0962552,37.3823097],[127.0963559,37.3825946],[127.096432,37.382774],[127.0964489,37.3829568],[127.0965154,37.3831517],[127.0965759,37.3833528],[127.0964734,37.3837852],[127.0961426,37.3839943],[127.0960848,37.3840274],[127.0956177,37.3840736],[127.0952006,37.3841096],[127.0949055,37.3841572],[127.0944593,37.3842073],[127.0942049,37.3842246],[127.0939255,37.3842473],[127.0936906,37.3842637],[127.0932684,37.3842408],[127.093237,37.3841891],[127.0931407,37.3840091],[127.0928703,37.3837943],[127.0922559,37.3838997],[127.092048,37.3836435],[127.0920395,37.3833451]]]},"properties":{"osm_id":"way/900842916","name":"더샵판교퍼스트파크아파트","source":"OpenStreetMap","license":"https://opendatacommons.org/licenses/odbl/1-0/","apartment_ids":["[\"41135\",\"백현동\",\"608\",\"THESHARP판교퍼스트파크\"]"],"match_methods":["inside"]}},{"type":"Feature","id":"way/472309885","geometry":{"type":"Polygon","coordinates":[[[127.1285321,37.3736612],[127.1302836,37.3721276],[127.1313036,37.3727908],[127.1303142,37.3736546],[127.1313173,37.3744436],[127.1305127,37.375025],[127.1285321,37.3736612]]]},"properties":{"osm_id":"way/472309885","name":"샛별마을라이프아파트","source":"OpenStreetMap","license":"https://opendatacommons.org/licenses/odbl/1-0/","apartment_ids":["[\"41135\",\"분당동\",\"34\",\"샛별마을(라이프)\"]"],"match_methods":["named_entrance"]}},{"type":"Feature","id":"way/478610799","geometry":{"type":"Polygon","coordinates":[[[127.1304142,37.3720133],[127.1316632,37.3709213],[127.1321138,37.3711387],[127.132382,37.3712794],[127.1326181,37.3714286],[127.1327361,37.3715053],[127.1329882,37.3716844],[127.1333208,37.3719189],[127.1335461,37.3721],[127.1335541,37.3722301],[127.1322875,37.3733581],[127.1304142,37.3720133]]]},"properties":{"osm_id":"way/478610799","name":"샛별마을동성아파트","source":"OpenStreetMap","license":"https://opendatacommons.org/licenses/odbl/1-0/","apartment_ids":["[\"41135\",\"분당동\",\"35\",\"샛별마을(동성)\"]"],"match_methods":["named_entrance"]}},{"type":"Feature","id":"way/472294301","geometry":{"type":"Polygon","coordinates":[[[127.1259614,37.3718197],[127.1274031,37.3705821],[127.1293719,37.3720397],[127.128013,37.373252],[127.1259614,37.3718197]]]},"properties":{"osm_id":"way/472294301","name":"샛별마을우방아파트","source":"OpenStreetMap","license":"https://opendatacommons.org/licenses/odbl/1-0/","apartment_ids":["[\"41135\",\"분당동\",\"38\",\"샛별마을(우방)\"]"],"match_methods":["inside"]}},{"type":"Feature","id":"way/478603024","geometry":{"type":"Polygon","coordinates":[[[127.1288683,37.3694075],[127.1292867,37.3697443],[127.1294155,37.3698381],[127.1296408,37.3699617],[127.1298071,37.370047],[127.1299627,37.3701237],[127.1301129,37.3701962],[127.1303167,37.37029],[127.130483,37.3703668],[127.1306386,37.3704435],[127.1307834,37.370516],[127.1309658,37.3706098],[127.1295176,37.3719097],[127.1275218,37.3704733],[127.1287396,37.3694032],[127.1288683,37.3694075]]]},"properties":{"osm_id":"way/478603024","name":"샛별마을삼부아파트","source":"OpenStreetMap","license":"https://opendatacommons.org/licenses/odbl/1-0/","apartment_ids":["[\"41135\",\"분당동\",\"39\",\"샛별마을(삼부)\"]"],"match_methods":["inside"]}},{"type":"Feature","id":"way/987331709","geometry":{"type":"Polygon","coordinates":[[[127.1417287,37.3727117],[127.1380645,37.3700618],[127.1391922,37.369102],[127.1394591,37.3690398],[127.1405094,37.3686944],[127.1410076,37.3684139],[127.1445303,37.3709051],[127.1445454,37.3709608],[127.142933,37.3723595],[127.142585,37.3724889],[127.1418439,37.3727217],[127.1417287,37.3727117]]]},"properties":{"osm_id":"way/987331709","name":"장안타운건영2차아파트","source":"OpenStreetMap","license":"https://opendatacommons.org/licenses/odbl/1-0/","apartment_ids":["[\"41135\",\"분당동\",\"66\",\"장안타운(건영)\"]"],"match_methods":["named_entrance"]}},{"type":"Feature","id":"way/430267416","geometry":{"type":"Polygon","coordinates":[[[127.1180762,37.4087086],[127.1178616,37.4086319],[127.1176149,37.4084785],[127.1173681,37.4082143],[127.1172072,37.4080268],[127.1167136,37.4075752],[127.1159601,37.4075695],[127.1158835,37.4077045],[127.115714,37.40781],[127.1156256,37.4078752],[127.1155442,37.4079075],[127.1155638,37.407176],[127.1156158,37.4070032],[127.1156151,37.4068],[127.1156152,37.4067934],[127.1156165,37.4067867],[127.1156201,37.4067792],[127.1156248,37.4067724],[127.11563,37.406767],[127.1156373,37.4067623],[127.1156454,37.4067594],[127.1156553,37.4067577],[127.1156725,37.4067578],[127.1156742,37.4066686],[127.1167761,37.40666],[127.1171294,37.4066618],[127.1171241,37.4057663],[127.1171306,37.4051338],[127.1171362,37.405119],[127.1171448,37.4050963],[127.1171756,37.4050152],[127.1172088,37.4049276],[127.1172586,37.4049654],[127.1172907,37.4049925],[127.1173097,37.4050067],[127.1173292,37.4050158],[127.1174692,37.4050689],[127.1177328,37.4051478],[127.118447,37.4053634],[127.1186161,37.405416],[127.1186547,37.4054321],[127.1187082,37.4055333],[127.118648,37.4057252],[127.1182235,37.4087268],[127.1180762,37.4087086]]]},"properties":{"osm_id":"way/430267416","name":"봇들마을2단지이지더원아파트","source":"OpenStreetMap","license":"https://opendatacommons.org/licenses/odbl/1-0/","apartment_ids":["[\"41135\",\"삼평동\",\"717\",\"봇들마을2단지(이지더원)\"]"],"match_methods":["inside"]}},{"type":"Feature","id":"way/426372505","geometry":{"type":"Polygon","coordinates":[[[127.1156217,37.3982003],[127.1156217,37.3978168],[127.1156217,37.397723],[127.1155788,37.3976591],[127.1154715,37.3975951],[127.1153481,37.3975909],[127.1141626,37.3975866],[127.1141411,37.3963635],[127.1142598,37.3963101],[127.11659,37.3963068],[127.1167107,37.3963465],[127.1167053,37.3981406],[127.1166141,37.3982046],[127.1156217,37.3982003]]]},"properties":{"osm_id":"way/426372505","name":"봇들마을7단지휴먼시아엔아파트","source":"OpenStreetMap","license":"https://opendatacommons.org/licenses/odbl/1-0/","apartment_ids":["[\"41135\",\"삼평동\",\"738\",\"봇들마을7단지\"]"],"match_methods":["inside"]}},{"type":"Feature","id":"way/429222665","geometry":{"type":"Polygon","coordinates":[[[127.1185668,37.3951783],[127.1188243,37.3951783],[127.1188243,37.3949822],[127.1201172,37.3949908],[127.1197899,37.3979058],[127.1188994,37.3979569],[127.1183952,37.3980251],[127.1170433,37.3979825],[127.1170648,37.3962778],[127.1183844,37.3962693],[127.1184595,37.3962437],[127.1185561,37.3961414],[127.1185668,37.3951783]]]},"properties":{"osm_id":"way/429222665","name":"봇들마을9단지금호어울림아파트","source":"OpenStreetMap","license":"https://opendatacommons.org/licenses/odbl/1-0/","apartment_ids":["[\"41135\",\"삼평동\",\"744\",\"봇들마을9단지(금호어울림)\"]"],"match_methods":["inside"]}},{"type":"Feature","id":"way/482180661","geometry":{"type":"Polygon","coordinates":[[[127.1350429,37.3765037],[127.1371562,37.3780063],[127.1360013,37.3790558],[127.1338582,37.3775173],[127.1346639,37.3768366],[127.1350429,37.3765037]]]},"properties":{"osm_id":"way/482180661","name":"효자촌동아아파트","source":"OpenStreetMap","license":"https://opendatacommons.org/licenses/odbl/1-0/","apartment_ids":["[\"41135\",\"서현동\",\"291\",\"효자촌(동아)\"]"],"match_methods":["inside"]}},{"type":"Feature","id":"way/482180654","geometry":{"type":"Polygon","coordinates":[[[127.1361383,37.3771131],[127.1369,37.3764481],[127.1361222,37.3758811],[127.1362348,37.3758385],[127.136326,37.3757916],[127.1364709,37.3756765],[127.1366157,37.3755486],[127.1369107,37.3752758],[127.1373614,37.3748793],[127.1391865,37.3761615],[127.1372732,37.3779001],[127.1361383,37.3771131]]]},"properties":{"osm_id":"way/482180654","name":"효자촌임광아파트","source":"OpenStreetMap","license":"https://opendatacommons.org/licenses/odbl/1-0/","apartment_ids":["[\"41135\",\"서현동\",\"292\",\"효자촌(임광)\"]"],"match_methods":["inside"]}},{"type":"Feature","id":"way/485665464","geometry":{"type":"Polygon","coordinates":[[[127.1338403,37.3744731],[127.132585,37.3736013],[127.1333573,37.3728992],[127.1338135,37.3724844],[127.1339369,37.372463],[127.1361041,37.3739807],[127.1361202,37.3740404],[127.1356052,37.3744923],[127.1345967,37.3738017],[127.1338403,37.3744731]]]},"properties":{"osm_id":"way/485665464","name":"효자촌삼환아파트","source":"OpenStreetMap","license":"https://opendatacommons.org/licenses/odbl/1-0/","apartment_ids":["[\"41135\",\"서현동\",\"301\",\"효자촌(삼환)\"]"],"match_methods":["named_entrance"]}},{"type":"Feature","id":"way/485665471","geometry":{"type":"Polygon","coordinates":[[[127.1341957,37.3722126],[127.1342118,37.3721145],[127.1347053,37.371684],[127.1349306,37.3714324],[127.1354406,37.371014],[127.1360629,37.3714531],[127.1363748,37.3711817],[127.1379991,37.3723447],[127.136481,37.3737047],[127.1363415,37.3737132],[127.1341957,37.3722126]]]},"properties":{"osm_id":"way/485665471","name":"효자촌화성,LG아파트","source":"OpenStreetMap","license":"https://opendatacommons.org/licenses/odbl/1-0/","apartment_ids":["[\"41135\",\"서현동\",\"308\",\"효자촌(대우)\"]","[\"41135\",\"서현동\",\"308\",\"효자촌(럭키)\"]","[\"41135\",\"서현동\",\"308\",\"효자촌(화성)\"]"],"match_methods":["inside"]}},{"type":"Feature","id":"way/438938503","geometry":{"type":"Polygon","coordinates":[[[127.1241822,37.3835625],[127.1221613,37.3820889],[127.1228939,37.3814477],[127.1240725,37.3823252],[127.1241008,37.3822042],[127.124161,37.3820749],[127.1242707,37.3819455],[127.1249029,37.381387],[127.1237819,37.3805665],[127.1248126,37.3796236],[127.1260063,37.3786326],[127.1285016,37.3803879],[127.1279951,37.3807796],[127.1272921,37.3814158],[127.1271639,37.3814719],[127.1263178,37.3818096],[127.1260743,37.381925],[127.1258273,37.3820939],[127.1241822,37.3835625]]]},"properties":{"osm_id":"way/438938503","name":"한양아파트","source":"OpenStreetMap","license":"https://opendatacommons.org/licenses/odbl/1-0/","apartment_ids":["[\"41135\",\"서현동\",\"91\",\"시범한양\"]"],"match_methods":["inside"]}},{"type":"Feature","id":"way/476918936","geometry":{"type":"Polygon","coordinates":[[[127.1325182,37.3772467],[127.1310621,37.3785263],[127.1309012,37.3786457],[127.1307671,37.3787309],[127.1297693,37.3780041],[127.1295601,37.3780649],[127.1294394,37.3781102],[127.1293576,37.3781456],[127.1292013,37.3782336],[127.1290803,37.3783032],[127.1289661,37.3783764],[127.1288366,37.3784599],[127.129898,37.3791892],[127.1298068,37.3792382],[127.129721,37.3793064],[127.1287662,37.3801462],[127.1263307,37.3784155],[127.1263307,37.378343],[127.1264755,37.3782194],[127.1266687,37.3781],[127.127012,37.3779082],[127.1272373,37.3777888],[127.1275484,37.3776269],[127.1278703,37.3774606],[127.1281707,37.3772986],[127.1284121,37.3771707],[127.1286213,37.3770599],[127.1288466,37.3769235],[127.1290076,37.3768169],[127.1291846,37.3766677],[127.1302517,37.375662],[127.1325182,37.3772467]]]},"properties":{"osm_id":"way/476918936","name":"현대아파트","source":"OpenStreetMap","license":"https://opendatacommons.org/licenses/odbl/1-0/","apartment_ids":["[\"41135\",\"서현동\",\"92\",\"시범현대\"]"],"match_methods":["inside"]}},{"type":"Feature","id":"way/473594245","geometry":{"type":"Polygon","coordinates":[[[127.1160744,37.3741006],[127.1149711,37.3750802],[127.1162264,37.3759754],[127.1150567,37.3770429],[127.1126686,37.3753591],[127.1142201,37.373942],[127.1149599,37.3732781],[127.1160744,37.3741006]]]},"properties":{"osm_id":"way/473594245","name":"양지마을5단지한양아파트","source":"OpenStreetMap","license":"https://opendatacommons.org/licenses/odbl/1-0/","apartment_ids":["[\"41135\",\"수내동\",\"24\",\"양지마을(5단지)(한양501-514)\"]","[\"41135\",\"수내동\",\"24\",\"양지마을(5단지)(한양515-529)\"]"],"match_methods":["named_entrance"]}},{"type":"Feature","id":"way/473594246","geometry":{"type":"Polygon","coordinates":[[[127.1178652,37.37276],[127.1189005,37.3735125],[127.1188791,37.3736105],[127.1175196,37.3747956],[127.1164091,37.3740048],[127.1177956,37.3727781],[127.1178652,37.37276]]]},"properties":{"osm_id":"way/473594246","name":"양지마을3단지금호아파트","source":"OpenStreetMap","license":"https://opendatacommons.org/licenses/odbl/1-0/","apartment_ids":["[\"41135\",\"수내동\",\"27\",\"양지마을(3단지)(금호)\"]"],"match_methods":["named_entrance"]}},{"type":"Feature","id":"way/476859541","geometry":{"type":"Polygon","coordinates":[[[127.1182965,37.3753027],[127.1176769,37.3748657],[127.1184681,37.3741559],[127.1190797,37.3745907],[127.1182965,37.3753027]]]},"properties":{"osm_id":"way/476859541","name":"양지마을6단지한양아파트","source":"OpenStreetMap","license":"https://opendatacommons.org/licenses/odbl/1-0/","apartment_ids":["[\"41135\",\"수내동\",\"29\",\"양지마을(6단지)(한양603동)\"]"],"match_methods":["inside"]}},{"type":"Feature","id":"way/473595457","geometry":{"type":"Polygon","coordinates":[[[127.1170125,37.3767348],[127.1179344,37.3773836],[127.1187689,37.3766197],[127.1188925,37.3767086],[127.120019,37.3775271],[127.1199654,37.377785],[127.1199278,37.3779236],[127.1198769,37.3780834],[127.1197884,37.3782795],[127.1197186,37.3784117],[127.1196194,37.3785779],[127.1195067,37.3787335],[127.1193565,37.3789232],[127.1192653,37.3790212],[127.1191446,37.3791385],[127.1187906,37.3794443],[127.1184151,37.3794091],[127.1159608,37.3776806],[127.1170125,37.3767348]]]},"properties":{"osm_id":"way/473595457","name":"양지마을1단지금호아파트","source":"OpenStreetMap","license":"https://opendatacommons.org/licenses/odbl/1-0/","apartment_ids":["[\"41135\",\"수내동\",\"34\",\"양지마을(금호1)\"]"],"match_methods":["inside"]}},{"type":"Feature","id":"way/473595458","geometry":{"type":"Polygon","coordinates":[[[127.1179752,37.3759386],[127.1188791,37.3751084],[127.1198501,37.3742675],[127.1199426,37.3742324],[127.1214605,37.3753432],[127.1214605,37.3754668],[127.1211548,37.3757738],[127.1209402,37.3760125],[127.12079,37.3761958],[127.1206451,37.3763961],[127.1205271,37.3765709],[127.1204198,37.3767585],[127.1203286,37.3769418],[127.1202589,37.377108],[127.1201892,37.3772828],[127.1201355,37.3774491],[127.1179752,37.3759386]]]},"properties":{"osm_id":"way/473595458","name":"양지마을2단지청구아파트","source":"OpenStreetMap","license":"https://opendatacommons.org/licenses/odbl/1-0/","apartment_ids":["[\"41135\",\"수내동\",\"36\",\"양지마을(2단지)(청구)\"]"],"match_methods":["inside"]}},{"type":"Feature","id":"way/476884854","geometry":{"type":"Polygon","coordinates":[[[127.1212312,37.3730325],[127.1220326,37.3735954],[127.1228641,37.3728238],[127.1236259,37.3733652],[127.1218127,37.3749937],[127.1216464,37.375015],[127.1202181,37.3740611],[127.120202,37.3739844],[127.1207143,37.3735027],[127.1212312,37.3730325]]]},"properties":{"osm_id":"way/476884854","name":"파크타운대림아파트","source":"OpenStreetMap","license":"https://opendatacommons.org/licenses/odbl/1-0/","apartment_ids":["[\"41135\",\"수내동\",\"51\",\"파크타운(대림)\"]"],"match_methods":["named_entrance"]}},{"type":"Feature","id":"way/1376904947","geometry":{"type":"Polygon","coordinates":[[[127.1229224,37.3711388],[127.1233519,37.3707399],[127.1251222,37.3719858],[127.1237466,37.3732352],[127.1221909,37.3721311],[127.122219,37.3720938],[127.122332,37.3719573],[127.122438,37.3718193],[127.1225647,37.3716221],[127.1227229,37.3713759],[127.1227913,37.3712816],[127.1229224,37.3711388]]]},"properties":{"osm_id":"way/1376904947","name":"파크타운서안아파트","source":"OpenStreetMap","license":"https://opendatacommons.org/licenses/odbl/1-0/","apartment_ids":["[\"41135\",\"수내동\",\"52\",\"파크타운(서안)\"]"],"match_methods":["named_entrance"]}},{"type":"Feature","id":"way/476909667","geometry":{"type":"Polygon","coordinates":[[[127.1208456,37.3718763],[127.1196171,37.3710066],[127.1203815,37.3703586],[127.1195474,37.3697319],[127.1196708,37.3696381],[127.11977,37.3695635],[127.1198464,37.3694964],[127.1199276,37.3694372],[127.1206993,37.3687979],[127.1223542,37.3700108],[127.1221604,37.370189],[127.1220257,37.3703245],[127.1219399,37.3704268],[127.1218648,37.3705249],[127.1217951,37.3706315],[127.12172,37.3707551],[127.1216449,37.3708702],[127.1215805,37.3709896],[127.1215161,37.3711132],[127.1214357,37.3712497],[127.1213337,37.3713818],[127.1212479,37.3714969],[127.1211728,37.3715822],[127.1208456,37.3718763]]]},"properties":{"osm_id":"way/476909667","name":"파크타운삼익아파트","source":"OpenStreetMap","license":"https://opendatacommons.org/licenses/odbl/1-0/","apartment_ids":["[\"41135\",\"수내동\",\"54\",\"파크타운(삼익)\"]"],"match_methods":["named_entrance"]}},{"type":"Feature","id":"way/476875401","geometry":{"type":"Polygon","coordinates":[[[127.1184306,37.3703201],[127.1184602,37.370342],[127.120689,37.3719913],[127.1192513,37.3732617],[127.119144,37.373266],[127.1169124,37.3716716],[127.1169017,37.3715735],[127.1175615,37.370917],[127.1178083,37.3707166],[127.1180068,37.3705759],[127.1184306,37.3703201]]]},"properties":{"osm_id":"way/476875401","name":"파크타운롯데아파트","source":"OpenStreetMap","license":"https://opendatacommons.org/licenses/odbl/1-0/","apartment_ids":["[\"41135\",\"수내동\",\"55\",\"파크타운(롯데)\"]"],"match_methods":["named_entrance"]}},{"type":"Feature","id":"way/476925344","geometry":{"type":"Polygon","coordinates":[[[127.1252458,37.3690326],[127.1262832,37.3697913],[127.1254073,37.3705574],[127.1261892,37.371123],[127.1256488,37.3715879],[127.123774,37.3703249],[127.1252458,37.3690326]]]},"properties":{"osm_id":"way/476925344","name":"푸른마을벽산아파트","source":"OpenStreetMap","license":"https://opendatacommons.org/licenses/odbl/1-0/","apartment_ids":["[\"41135\",\"수내동\",\"71\",\"푸른마을(벽산)\"]"],"match_methods":["named_entrance"]}},{"type":"Feature","id":"way/478583024","geometry":{"type":"Polygon","coordinates":[[[127.1253749,37.3689373],[127.1271499,37.3673284],[127.1272946,37.3673242],[127.127461,37.367467],[127.1275736,37.3676077],[127.1277024,37.3677825],[127.1280242,37.3682344],[127.1285446,37.3689933],[127.1285499,37.3691212],[127.1272383,37.370268],[127.1253749,37.3689373]]]},"properties":{"osm_id":"way/478583024","name":"푸른마을신성아파트","source":"OpenStreetMap","license":"https://opendatacommons.org/licenses/odbl/1-0/","apartment_ids":["[\"41135\",\"수내동\",\"73\",\"푸른마을(신성)\"]"],"match_methods":["inside"]}},{"type":"Feature","id":"way/985404355","geometry":{"type":"Polygon","coordinates":[[[127.1481791,37.4056831],[127.1483454,37.4060112],[127.1483105,37.4060538],[127.1465269,37.4064374],[127.1462479,37.4060474],[127.1459314,37.4055041],[127.147015,37.4055531],[127.1473262,37.4056043],[127.1480906,37.4056384],[127.1481791,37.4056831]]]},"properties":{"osm_id":"way/985404355","name":"","source":"OpenStreetMap","license":"https://opendatacommons.org/licenses/odbl/1-0/","apartment_ids":["[\"41135\",\"야탑동\",\"156\",\"목련마을(영남)\"]"],"match_methods":["inside"]}},{"type":"Feature","id":"way/965046755","geometry":{"type":"Polygon","coordinates":[[[127.145344,37.4068486],[127.1442685,37.4072619],[127.1436301,37.4062115],[127.1446198,37.4057683],[127.1447539,37.4058344],[127.145344,37.4068486]]]},"properties":{"osm_id":"way/965046755","name":"목련마을한일아파트","source":"OpenStreetMap","license":"https://opendatacommons.org/licenses/odbl/1-0/","apartment_ids":["[\"41135\",\"야탑동\",\"162\",\"목련마을(한일)\"]"],"match_methods":["inside"]}},{"type":"Feature","id":"way/965046756","geometry":{"type":"Polygon","coordinates":[[[127.1429676,37.4077114],[127.142356,37.406938],[127.1424097,37.4068486],[127.1435013,37.4062797],[127.1435684,37.4062584],[127.143909,37.4068592],[127.1441075,37.4073173],[127.1429676,37.4077114]]]},"properties":{"osm_id":"way/965046756","name":"","source":"OpenStreetMap","license":"https://opendatacommons.org/licenses/odbl/1-0/","apartment_ids":["[\"41135\",\"야탑동\",\"163\",\"목련마을(한신)\"]"],"match_methods":["inside"]}},{"type":"Feature","id":"way/978050775","geometry":{"type":"Polygon","coordinates":[[[127.1440713,37.4130281],[127.1446721,37.4130153],[127.1449377,37.4128427],[127.1451294,37.4128427],[127.1451361,37.4128853],[127.1453655,37.4128758],[127.1454526,37.4128971],[127.1457343,37.4133221],[127.1448478,37.413762],[127.1440954,37.4136129],[127.1440713,37.4130281]]]},"properties":{"osm_id":"way/978050775","name":"분당동원로얄듀크아파트","source":"OpenStreetMap","license":"https://opendatacommons.org/licenses/odbl/1-0/","apartment_ids":["[\"41135\",\"야탑동\",\"190\",\"동원로얄듀크\"]"],"match_methods":["inside"]}},{"type":"Feature","id":"way/429349697","geometry":{"type":"Polygon","coordinates":[[[127.1429418,37.4150845],[127.1424902,37.4152028],[127.1414415,37.4154949],[127.1404242,37.415411],[127.1391056,37.4154483],[127.1381586,37.4159238],[127.1375464,37.4161656],[127.1374426,37.4162066],[127.1373017,37.4161506],[127.1372196,37.4157995],[127.1383869,37.4150316],[127.1387782,37.4148861],[127.139103,37.4148497],[127.1397775,37.4147604],[127.1401064,37.4147505],[127.140885,37.4146546],[127.1412764,37.4145488],[127.1421341,37.414357],[127.1426878,37.4141982],[127.1431167,37.414099],[127.1433374,37.4141189],[127.1433249,37.4144595],[127.143404,37.4149687],[127.1429418,37.4150845]]]},"properties":{"osm_id":"way/429349697","name":"매화마을주공아파트3단지","source":"OpenStreetMap","license":"https://opendatacommons.org/licenses/odbl/1-0/","apartment_ids":["[\"41135\",\"야탑동\",\"205\",\"매화마을(주공3)\"]"],"match_methods":["inside"]}},{"type":"Feature","id":"way/985404356","geometry":{"type":"Polygon","coordinates":[[[127.1340465,37.4149337],[127.1339983,37.4148954],[127.1339902,37.4135234],[127.1340465,37.4134851],[127.1355808,37.4134936],[127.1359824,37.4134598],[127.1363801,37.4134126],[127.13741,37.4133125],[127.1377158,37.4145162],[127.1371043,37.414563],[127.1371472,37.4148783],[127.1369272,37.4149337],[127.1365356,37.414955],[127.1351087,37.4149593],[127.1340465,37.4149337]]]},"properties":{"osm_id":"way/985404356","name":"매화마을공무원2단지아파트","source":"OpenStreetMap","license":"https://opendatacommons.org/licenses/odbl/1-0/","apartment_ids":["[\"41135\",\"야탑동\",\"215\",\"매화마을공무원2\"]"],"match_methods":["inside"]}},{"type":"Feature","id":"way/968100756","geometry":{"type":"Polygon","coordinates":[[[127.1313241,37.4098015],[127.1326169,37.4095799],[127.1336362,37.4095373],[127.1337274,37.4096034],[127.1337113,37.4100785],[127.1330032,37.4106814],[127.1316138,37.4107197],[127.1316111,37.4106026],[127.1313402,37.4106026],[127.1313241,37.4098015]]]},"properties":{"osm_id":"way/968100756","name":"아이파크아파트","source":"OpenStreetMap","license":"https://opendatacommons.org/licenses/odbl/1-0/","apartment_ids":["[\"41135\",\"야탑동\",\"391\",\"현대I-PARK\"]"],"match_methods":["inside"]}},{"type":"Feature","id":"way/985748433","geometry":{"type":"Polygon","coordinates":[[[127.1283281,37.4097163],[127.1275811,37.4097173],[127.1275744,37.4095618],[127.1274886,37.4092944],[127.1270581,37.4093093],[127.1265149,37.4093136],[127.1262091,37.4092795],[127.1258149,37.4092135],[127.1255064,37.4091474],[127.125152,37.4090414],[127.1252252,37.4087527],[127.1254984,37.4080332],[127.1262225,37.4079053],[127.1270567,37.4078265],[127.1277085,37.4077817],[127.1281189,37.4078009],[127.1283576,37.4078478],[127.1283978,37.4078861],[127.1283951,37.4096545],[127.1283281,37.4097163]]]},"properties":{"osm_id":"way/985748433","name":"탑마을3단지타워빌아파트","source":"OpenStreetMap","license":"https://opendatacommons.org/licenses/odbl/1-0/","apartment_ids":["[\"41135\",\"야탑동\",\"510\",\"탑마을(경향)\"]"],"match_methods":["inside"]}},{"type":"Feature","id":"way/985404343","geometry":{"type":"Polygon","coordinates":[[[127.1313617,37.4095245],[127.1313375,37.4093093],[127.1308923,37.4093157],[127.1308547,37.408129],[127.1336871,37.4080609],[127.1337408,37.4092582],[127.1336442,37.4093221],[127.1323836,37.4093988],[127.1313617,37.4095245]]]},"properties":{"osm_id":"way/985404343","name":"탑마을6단지벽산아파트","source":"OpenStreetMap","license":"https://opendatacommons.org/licenses/odbl/1-0/","apartment_ids":["[\"41135\",\"야탑동\",\"517\",\"탑마을(벽산)\"]"],"match_methods":["inside"]}},{"type":"Feature","id":"way/985404342","geometry":{"type":"Polygon","coordinates":[[[127.1358275,37.4085658],[127.1358175,37.4088024],[127.1359312,37.4092473],[127.1358565,37.4095457],[127.1348861,37.4094755],[127.1341512,37.4093882],[127.134068,37.4092795],[127.134017,37.4080438],[127.1345401,37.4079969],[127.1354118,37.4080353],[127.1358463,37.4080715],[127.1358275,37.4085658]]]},"properties":{"osm_id":"way/985404342","name":"탑마을주공8단지아파트","source":"OpenStreetMap","license":"https://opendatacommons.org/licenses/odbl/1-0/","apartment_ids":["[\"41135\",\"야탑동\",\"518\",\"탑마을(주공)\"]"],"match_methods":["named_entrance"]}},{"type":"Feature","id":"way/964851263","geometry":{"type":"Polygon","coordinates":[[[127.1291542,37.4076837],[127.1291059,37.4063713],[127.1291998,37.4063053],[127.1305758,37.4061732],[127.1307394,37.4060879],[127.1311444,37.4063074],[127.1314207,37.4065077],[127.1324976,37.4070211],[127.1325137,37.4073471],[127.1328235,37.4073407],[127.1328261,37.4078073],[127.1310022,37.4078244],[127.1303464,37.4078457],[127.1292481,37.4077434],[127.1291542,37.4076837]]]},"properties":{"osm_id":"way/964851263","name":"탑마을경남아너스빌7단지아파트","source":"OpenStreetMap","license":"https://opendatacommons.org/licenses/odbl/1-0/","apartment_ids":["[\"41135\",\"야탑동\",\"525\",\"탑마을(경남)1\"]"],"match_methods":["inside"]}},{"type":"Feature","id":"way/985748432","geometry":{"type":"Polygon","coordinates":[[[127.1255897,37.4060123],[127.1271003,37.4060201],[127.1271166,37.4055854],[127.1271887,37.405536],[127.1282701,37.4055516],[127.1283585,37.4056167],[127.1284372,37.4075714],[127.1283978,37.4076104],[127.1277753,37.4075506],[127.126833,37.4075636],[127.1267973,37.4066479],[127.1255766,37.406663],[127.1255897,37.4060123]]]},"properties":{"osm_id":"way/985748432","name":"탑마을5단지타워빌아파트","source":"OpenStreetMap","license":"https://opendatacommons.org/licenses/odbl/1-0/","apartment_ids":["[\"41135\",\"야탑동\",\"530\",\"탑마을(진덕)\"]"],"match_methods":["inside"]}},{"type":"Feature","id":"way/430710143","geometry":{"type":"Polygon","coordinates":[[[127.1192567,37.4069884],[127.1194176,37.4057228],[127.1195088,37.4055566],[127.121499,37.4055438],[127.1215017,37.4059529],[127.1230359,37.4059636],[127.1230305,37.406982],[127.1192567,37.4069884]]]},"properties":{"osm_id":"way/430710143","name":"탑마을대우아파트","source":"OpenStreetMap","license":"https://opendatacommons.org/licenses/odbl/1-0/","apartment_ids":["[\"41135\",\"야탑동\",\"535\",\"탑마을(대우)\"]"],"match_methods":["inside"]}},{"type":"Feature","id":"way/430725040","geometry":{"type":"Polygon","coordinates":[[[127.1210124,37.4086132],[127.1200469,37.4083746],[127.1192851,37.4082979],[127.1191564,37.4082724],[127.1190866,37.4081744],[127.1192207,37.4070792],[127.1234694,37.4070963],[127.1234211,37.4075394],[127.1233782,37.4077525],[127.1231153,37.4085664],[127.1213075,37.4081531],[127.121227,37.4081573],[127.1211144,37.4082468],[127.1210124,37.4086132]]]},"properties":{"osm_id":"way/430725040","name":"탑마을선경아파트","source":"OpenStreetMap","license":"https://opendatacommons.org/licenses/odbl/1-0/","apartment_ids":["[\"41135\",\"야탑동\",\"536\",\"탑마을(선경)1\"]"],"match_methods":["inside"]}},{"type":"Feature","id":"way/958294262","geometry":{"type":"Polygon","coordinates":[[[127.1282501,37.3989925],[127.1275367,37.3990019],[127.1275219,37.3986044],[127.1261542,37.3986303],[127.1261365,37.3973862],[127.1281228,37.3973886],[127.1283744,37.3984516],[127.1283418,37.3989525],[127.1282501,37.3989925]]]},"properties":{"osm_id":"way/958294262","name":"이매촌동신9단지아파트","source":"OpenStreetMap","license":"https://opendatacommons.org/licenses/odbl/1-0/","apartment_ids":["[\"41135\",\"이매동\",\"110\",\"이매촌(동신9)\"]"],"match_methods":["named_entrance"]}},{"type":"Feature","id":"way/436326624","geometry":{"type":"Polygon","coordinates":[[[127.1252233,37.3901327],[127.1261058,37.3907934],[127.1245608,37.3921849],[127.1238392,37.3914028],[127.1252233,37.3901327]]]},"properties":{"osm_id":"way/436326624","name":"이매촌동부코오롱아파트","source":"OpenStreetMap","license":"https://opendatacommons.org/licenses/odbl/1-0/","apartment_ids":["[\"41135\",\"이매동\",\"121\",\"이매촌(동부코오롱)\"]"],"match_methods":["inside"]}},{"type":"Feature","id":"way/436249839","geometry":{"type":"Polygon","coordinates":[[[127.1237381,37.3913357],[127.1226971,37.3902195],[127.1239033,37.3891633],[127.1251624,37.390072],[127.1237381,37.3913357]]]},"properties":{"osm_id":"way/436249839","name":"이매촌금강아파트","source":"OpenStreetMap","license":"https://opendatacommons.org/licenses/odbl/1-0/","apartment_ids":["[\"41135\",\"이매동\",\"122\",\"이매촌(금강)\"]"],"match_methods":["inside"]}},{"type":"Feature","id":"way/803553961","geometry":{"type":"Polygon","coordinates":[[[127.1278936,37.3908161],[127.1278296,37.393627],[127.127004,37.393623],[127.1262766,37.3934889],[127.1262527,37.3926476],[127.1257565,37.3922724],[127.1260446,37.3920181],[127.1258365,37.39184],[127.1265729,37.3911977],[127.1269411,37.3911786],[127.1269491,37.3908225],[127.1278936,37.3908161]]]},"properties":{"osm_id":"way/803553961","name":"이매 청구아파트","source":"OpenStreetMap","license":"https://opendatacommons.org/licenses/odbl/1-0/","apartment_ids":["[\"41135\",\"이매동\",\"123\",\"이매촌(청구)\"]"],"match_methods":["inside"]}},{"type":"Feature","id":"way/437237073","geometry":{"type":"Polygon","coordinates":[[[127.1251052,37.3897903],[127.1240573,37.3890244],[127.1262479,37.3871352],[127.1274075,37.3880011],[127.1274891,37.3880711],[127.1275562,37.3881462],[127.1275901,37.3882265],[127.1258179,37.3896808],[127.1255008,37.389449],[127.1251052,37.3897903]]]},"properties":{"osm_id":"way/437237073","name":"이매촌한신아파트","source":"OpenStreetMap","license":"https://opendatacommons.org/licenses/odbl/1-0/","apartment_ids":["[\"41135\",\"이매동\",\"124\",\"이매촌(한신)\"]"],"match_methods":["inside"]}},{"type":"Feature","id":"way/469030650","geometry":{"type":"Polygon","coordinates":[[[127.118016,37.3698565],[127.1173383,37.369353],[127.1170339,37.3689086],[127.1168538,37.3685182],[127.1168561,37.3671023],[127.1173389,37.3671035],[127.1187569,37.3670941],[127.11885,37.3672665],[127.1189435,37.3674146],[127.1190104,37.3675137],[127.1190962,37.3676117],[127.1191498,37.3676692],[127.1192195,37.3677417],[127.1202386,37.3684482],[127.1193615,37.3691871],[127.1191806,37.3693303],[127.118016,37.3698565]]]},"properties":{"osm_id":"way/469030650","name":"한솔마을4단지주공아파트","source":"OpenStreetMap","license":"https://opendatacommons.org/licenses/odbl/1-0/","apartment_ids":["[\"41135\",\"정자동\",\"102\",\"한솔마을(4단지)(주공)\"]"],"match_methods":["inside"]}},{"type":"Feature","id":"way/471497816","geometry":{"type":"Polygon","coordinates":[[[127.1207006,37.3679674],[127.1200193,37.3675059],[127.1199066,37.367427],[127.1197886,37.3673311],[127.119684,37.3672138],[127.1196357,37.367152],[127.1195928,37.3670902],[127.1195445,37.3670134],[127.1195016,37.3669367],[127.119456,37.3668067],[127.1194131,37.366634],[127.119389,37.366489],[127.1193729,37.3663292],[127.1193675,37.366214],[127.121355,37.3662077],[127.1219693,37.3666329],[127.121988,37.3667508],[127.1213347,37.3673556],[127.1212036,37.3674848],[127.1207006,37.3679674]]]},"properties":{"osm_id":"way/471497816","name":"한솔마을3단지한일아파트","source":"OpenStreetMap","license":"https://opendatacommons.org/licenses/odbl/1-0/","apartment_ids":["[\"41135\",\"정자동\",\"107\",\"한솔마을(3단지)(한일)\"]"],"match_methods":["named_entrance"]}},{"type":"Feature","id":"way/468782736","geometry":{"type":"Polygon","coordinates":[[[127.1229577,37.3635898],[127.1230764,37.3636452],[127.1231557,37.3638221],[127.1232565,37.3640076],[127.1233787,37.364176],[127.1235224,37.3643615],[127.1236274,37.3644832],[127.1238569,37.3647081],[127.1239877,37.3648164],[127.1241186,37.3649331],[127.1229014,37.3660153],[127.1213967,37.3660153],[127.1213195,37.36592],[127.121286,37.3657991],[127.1212632,37.3657038],[127.1212499,37.3655729],[127.1212447,37.3654645],[127.121225,37.3635779],[127.121289,37.3635761],[127.1217982,37.3635709],[127.1229577,37.3635898]]]},"properties":{"osm_id":"way/468782736","name":"한솔마을1단지청구아파트","source":"OpenStreetMap","license":"https://opendatacommons.org/licenses/odbl/1-0/","apartment_ids":["[\"41135\",\"정자동\",\"110\",\"한솔마을(1단지)(청구)\"]"],"match_methods":["inside"]}},{"type":"Feature","id":"way/471161344","geometry":{"type":"Polygon","coordinates":[[[127.1193318,37.366081],[127.1193667,37.3636167],[127.119938,37.3636167],[127.1201218,37.3635634],[127.1210002,37.3635719],[127.1209837,37.3647552],[127.120976,37.3653051],[127.1209707,37.3654095],[127.120976,37.3655396],[127.1210136,37.3657101],[127.1210672,37.3658337],[127.1211316,37.3659489],[127.1212282,37.3660554],[127.1193318,37.366081]]]},"properties":{"osm_id":"way/471161344","name":"한솔마을2단지LG아파트","source":"OpenStreetMap","license":"https://opendatacommons.org/licenses/odbl/1-0/","apartment_ids":["[\"41135\",\"정자동\",\"111\",\"한솔마을(2단지)(LG)\"]"],"match_methods":["inside"]}},{"type":"Feature","id":"way/468719744","geometry":{"type":"Polygon","coordinates":[[[127.1186394,37.3660729],[127.1168531,37.3660815],[127.1168558,37.3635958],[127.1176537,37.3635937],[127.1177114,37.363583],[127.1186636,37.3635915],[127.1186801,37.3652147],[127.1186445,37.3653088],[127.1186394,37.3660729]]]},"properties":{"osm_id":"way/468719744","name":"한솔마을5단지주공아파트","source":"OpenStreetMap","license":"https://opendatacommons.org/licenses/odbl/1-0/","apartment_ids":["[\"41135\",\"정자동\",\"112\",\"한솔마을(5단지)(주공)\"]"],"match_methods":["inside"]}},{"type":"Feature","id":"way/468707984","geometry":{"type":"Polygon","coordinates":[[[127.1153574,37.3660964],[127.1153547,37.3656743],[127.1149416,37.36567],[127.1149577,37.363679],[127.1150436,37.3636065],[127.1167173,37.3635979],[127.1167172,37.36609],[127.1153574,37.3660964]]]},"properties":{"osm_id":"way/468707984","name":"한솔마을6단지주공아파트","source":"OpenStreetMap","license":"https://opendatacommons.org/licenses/odbl/1-0/","apartment_ids":["[\"41135\",\"정자동\",\"117\",\"한솔마을(6단지)(주공)\"]"],"match_methods":["inside"]}},{"type":"Feature","id":"way/471849941","geometry":{"type":"Polygon","coordinates":[[[127.1124092,37.3617195],[127.1130984,37.3617166],[127.1131654,37.3617508],[127.1131493,37.3632196],[127.1130662,37.363275],[127.1124065,37.363275],[127.1124092,37.3617195]]]},"properties":{"osm_id":"way/471849941","name":"상록마을라이프아파트","source":"OpenStreetMap","license":"https://opendatacommons.org/licenses/odbl/1-0/","apartment_ids":["[\"41135\",\"정자동\",\"125\",\"상록마을(라이프2차)\"]"],"match_methods":["inside"]}},{"type":"Feature","id":"way/434838970","geometry":{"type":"Polygon","coordinates":[[[127.1060936,37.3597358],[127.1060937,37.358209],[127.1078855,37.3582172],[127.1079363,37.3586272],[127.1079081,37.358802],[127.1078833,37.3591196],[127.1078692,37.3597443],[127.1060936,37.3597358]]]},"properties":{"osm_id":"way/434838970","name":"미켈란쉐르빌","source":"OpenStreetMap","license":"https://opendatacommons.org/licenses/odbl/1-0/","apartment_ids":["[\"41135\",\"정자동\",\"180\",\"미켈란쉐르빌\"]"],"match_methods":["inside"]}},{"type":"Feature","id":"way/435659200","geometry":{"type":"Polygon","coordinates":[[[127.1060749,37.356822],[127.1061756,37.3567201],[127.1080572,37.3567461],[127.1079606,37.3572151],[127.1079283,37.3574284],[127.1079123,37.3575968],[127.1078989,37.3577919],[127.1078855,37.3582172],[127.1060937,37.358209],[127.1060749,37.356822]]]},"properties":{"osm_id":"way/435659200","name":"상록마을임광보성아파트","source":"OpenStreetMap","license":"https://opendatacommons.org/licenses/odbl/1-0/","apartment_ids":["[\"41135\",\"정자동\",\"181\",\"상록마을(임광)\"]"],"match_methods":["inside"]}},{"type":"Feature","id":"way/471152801","geometry":{"type":"Polygon","coordinates":[[[127.1193833,37.3632981],[127.119376,37.3621544],[127.1205915,37.3621465],[127.1210301,37.3621437],[127.1210194,37.3632992],[127.1193833,37.3632981]]]},"properties":{"osm_id":"way/471152801","name":"정든마을4단지우성아파트","source":"OpenStreetMap","license":"https://opendatacommons.org/licenses/odbl/1-0/","apartment_ids":["[\"41135\",\"정자동\",\"197\",\"정든마을(4단지)(우성)\"]"],"match_methods":["named_entrance"]}},{"type":"Feature","id":"way/471152813","geometry":{"type":"Polygon","coordinates":[[[127.1193705,37.3593496],[127.1207679,37.3593432],[127.1208001,37.3610466],[127.1196441,37.3610445],[127.1196414,37.3606202],[127.1193678,37.3606181],[127.1193705,37.3593496]]]},"properties":{"osm_id":"way/471152813","name":"정든마을1단지동아아파트","source":"OpenStreetMap","license":"https://opendatacommons.org/licenses/odbl/1-0/","apartment_ids":["[\"41135\",\"정자동\",\"200\",\"정든마을(1단지)(동아)\"]"],"match_methods":["inside"]}},{"type":"Feature","id":"way/479978189","geometry":{"type":"Polygon","coordinates":[[[127.1099432,37.375202],[127.1099271,37.3741874],[127.1100183,37.3741363],[127.1118637,37.3754024],[127.1118744,37.3754962],[127.111177,37.3760972],[127.1099432,37.375202]]]},"properties":{"osm_id":"way/479978189","name":"로얄팰리스","source":"OpenStreetMap","license":"https://opendatacommons.org/licenses/odbl/1-0/","apartment_ids":["[\"41135\",\"정자동\",\"28-1\",\"로얄팰리스\"]"],"match_methods":["inside"]}},{"type":"Feature","id":"way/433029507","geometry":{"type":"Polygon","coordinates":[[[127.1082899,37.3774574],[127.1055647,37.3757608],[127.1052429,37.3755306],[127.1049961,37.3753089],[127.1048674,37.3751043],[127.1047279,37.3748314],[127.1046528,37.3746183],[127.1058973,37.3745927],[127.1058973,37.3730324],[127.1082255,37.373041],[127.1082899,37.3774574]]]},"properties":{"osm_id":"way/433029507","name":"파크뷰","source":"OpenStreetMap","license":"https://opendatacommons.org/licenses/odbl/1-0/","apartment_ids":["[\"41135\",\"정자동\",\"6\",\"파크뷰\"]"],"match_methods":["inside"]}},{"type":"Feature","id":"way/468925264","geometry":{"type":"Polygon","coordinates":[[[127.1146039,37.3662288],[127.114576,37.368379],[127.1099654,37.368382],[127.1099342,37.3672029],[127.11106,37.3672163],[127.111068,37.3661986],[127.1146039,37.3662288]]]},"properties":{"osm_id":"way/468925264","name":"분당 더샵 하이스트","source":"OpenStreetMap","license":"https://opendatacommons.org/licenses/odbl/1-0/","apartment_ids":["[\"41135\",\"정자동\",\"88\",\"느티마을(3단지)(공무원)\"]"],"match_methods":["inside"]}},{"type":"Feature","id":"way/306319401","geometry":{"type":"Polygon","coordinates":[[[127.0976979,37.3913156],[127.0977662,37.3915489],[127.0972457,37.3916902],[127.0968669,37.3916245],[127.0967676,37.3916153],[127.096703,37.3916354],[127.0966383,37.3916671],[127.0964871,37.3917546],[127.0963787,37.3917399],[127.0962108,37.3916342],[127.0960858,37.3915626],[127.0959859,37.3915068],[127.0958936,37.3914378],[127.0958548,37.3913858],[127.0958478,37.3913601],[127.0958404,37.3913419],[127.0958751,37.3911384],[127.0954051,37.3909734],[127.0953774,37.3907375],[127.0949718,37.39049],[127.0947781,37.3899243],[127.0947697,37.3898998],[127.0945055,37.3889394],[127.0948102,37.3888923],[127.0947745,37.3887538],[127.0950432,37.3887044],[127.0960061,37.3885677],[127.0972092,37.3884533],[127.0974404,37.3886022],[127.0974715,37.3891943],[127.097466,37.3894442],[127.0975625,37.3907512],[127.0976195,37.3910377],[127.0976979,37.3913156]]]},"properties":{"osm_id":"way/306319401","name":"판교원마을9단지 한림풀에버아파트","source":"OpenStreetMap","license":"https://opendatacommons.org/licenses/odbl/1-0/","apartment_ids":["[\"41135\",\"판교동\",\"585\",\"판교원마을9단지(한림풀에버)\"]"],"match_methods":["inside"]}},{"type":"Feature","id":"way/306319390","geometry":{"type":"Polygon","coordinates":[[[127.0850232,37.3886365],[127.0847451,37.387849],[127.0848103,37.3878308],[127.0848897,37.3877923],[127.0849466,37.3877493],[127.0853619,37.3873088],[127.0854232,37.3872584],[127.0855041,37.387202],[127.085687,37.3871115],[127.0861224,37.3869221],[127.0863948,37.3868125],[127.0864553,37.3868329],[127.0864851,37.3869078],[127.0870017,37.3881955],[127.0870181,37.3882363],[127.0870317,37.3882823],[127.0870304,37.3883181],[127.0869815,37.3883595],[127.0869219,37.3883795],[127.086849,37.3883901],[127.0867198,37.3884007],[127.0865687,37.3884091],[127.0863415,37.3884216],[127.0861769,37.3884425],[127.0860462,37.3884671],[127.0851029,37.3886712],[127.0850232,37.3886365]]]},"properties":{"osm_id":"way/306319390","name":"판교원마을3단지 휴먼시아푸르지오아파트","source":"OpenStreetMap","license":"https://opendatacommons.org/licenses/odbl/1-0/","apartment_ids":["[\"41135\",\"판교동\",\"629\",\"판교원마을3단지(푸르지오)\"]"],"match_methods":["inside"]}},{"type":"Feature","id":"relation/10110264","geometry":{"type":"Polygon","coordinates":[[[127.100641,37.3419188],[127.1023333,37.3419188],[127.1023333,37.3427233],[127.100641,37.3427233],[127.100641,37.3419188]]]},"properties":{"osm_id":"relation/10110264","name":"원천마을푸르지오아파트","source":"OpenStreetMap","license":"https://opendatacommons.org/licenses/odbl/1-0/","apartment_ids":["[\"41465\",\"동천동\",\"910\",\"원천마을푸르지오\"]"],"match_methods":["inside"]}},{"type":"Feature","id":"way/491606709","geometry":{"type":"Polygon","coordinates":[[[127.0903312,37.3309135],[127.0911311,37.3316271],[127.0900306,37.3324177],[127.0892199,37.3317126],[127.0903312,37.3309135]]]},"properties":{"osm_id":"way/491606709","name":"동천파크자이아파트","source":"OpenStreetMap","license":"https://opendatacommons.org/licenses/odbl/1-0/","apartment_ids":["[\"41465\",\"동천동\",\"930\",\"동천파크자이\"]"],"match_methods":["inside"]}},{"type":"Feature","id":"way/367625047","geometry":{"type":"Polygon","coordinates":[[[127.0719159,37.3077119],[127.0720393,37.3076052],[127.072345,37.3074729],[127.0725435,37.3074089],[127.0727527,37.3073662],[127.0729405,37.307315],[127.0734716,37.307554],[127.0738203,37.3074345],[127.0740027,37.3076436],[127.0749897,37.307234],[127.075612,37.3084841],[127.0761068,37.3095722],[127.0757407,37.3096063],[127.0751882,37.309538],[127.0745243,37.3095082],[127.0742722,37.3094058],[127.074067,37.3093332],[127.0732302,37.3093332],[127.0731014,37.3093375],[127.0729459,37.3094058],[127.0728761,37.3094058],[127.0727527,37.3093972],[127.0725972,37.3093503],[127.0724845,37.3093034],[127.0724148,37.309218],[127.0723772,37.3091156],[127.0723504,37.3090132],[127.0723504,37.3089108],[127.0724041,37.3088084],[127.072506,37.3086505],[127.0725382,37.3085567],[127.0725006,37.3084628],[127.0723772,37.3083817],[127.0722431,37.308322],[127.072109,37.3082708],[127.0720125,37.3082239],[127.0719266,37.3081769],[127.071873,37.3080361],[127.0718783,37.3078953],[127.0718944,37.3078441],[127.0719159,37.3077972],[127.0719159,37.3077119]]]},"properties":{"osm_id":"way/367625047","name":"심곡마을광교힐스테이트","source":"OpenStreetMap","license":"https://opendatacommons.org/licenses/odbl/1-0/","apartment_ids":["[\"41465\",\"상현동\",\"1099\",\"심곡마을광교힐스테이트\"]"],"match_methods":["inside"]}},{"type":"Feature","id":"way/362876105","geometry":{"type":"Polygon","coordinates":[[[127.0657675,37.2965716],[127.0675923,37.2962562],[127.0680312,37.2978044],[127.068306,37.2987734],[127.0675332,37.2989083],[127.0674163,37.2988935],[127.0672452,37.2988647],[127.0670742,37.2988274],[127.0669275,37.2987803],[127.0667915,37.2987203],[127.0666442,37.2986302],[127.066541,37.2985519],[127.0664646,37.2984863],[127.0663761,37.2983897],[127.0663198,37.2982931],[127.0662499,37.2980221],[127.0660817,37.2973699],[127.0662503,37.2973448],[127.0661292,37.296893],[127.0658549,37.2969366],[127.0657675,37.2965716]]]},"properties":{"osm_id":"way/362876105","name":"광교경남아너스빌","source":"OpenStreetMap","license":"https://opendatacommons.org/licenses/odbl/1-0/","apartment_ids":["[\"41465\",\"상현동\",\"1115\",\"광교경남아너스빌\"]"],"match_methods":["inside"]}},{"type":"Feature","id":"way/362876577","geometry":{"type":"Polygon","coordinates":[[[127.0701314,37.2957923],[127.0725506,37.295305],[127.072653,37.295638],[127.0731244,37.2969897],[127.0732301,37.2975602],[127.0722111,37.2977865],[127.0716752,37.2981246],[127.0715888,37.2981556],[127.0715303,37.2981694],[127.0708276,37.2983544],[127.0701314,37.2957923]]]},"properties":{"osm_id":"way/362876577","name":"광교자이더클래스아파트","source":"OpenStreetMap","license":"https://opendatacommons.org/licenses/odbl/1-0/","apartment_ids":["[\"41465\",\"상현동\",\"1134\",\"광교자이더클래스\"]"],"match_methods":["inside"]}},{"type":"Feature","id":"way/655416856","geometry":{"type":"Polygon","coordinates":[[[127.0841447,37.3104736],[127.0846624,37.3103648],[127.0847536,37.3105931],[127.0845819,37.3106358],[127.0846651,37.3108747],[127.0846114,37.3108854],[127.0847509,37.3112587],[127.0845095,37.311455],[127.0841447,37.3104736]]]},"properties":{"osm_id":"way/655416856","name":"용인수지휴엔하임","source":"OpenStreetMap","license":"https://opendatacommons.org/licenses/odbl/1-0/","apartment_ids":["[\"41465\",\"상현동\",\"1201\",\"용인수지휴엔하임\"]"],"match_methods":["inside"]}},{"type":"Feature","id":"way/459571031","geometry":{"type":"Polygon","coordinates":[[[127.0742578,37.3039125],[127.0743584,37.3039295],[127.074463,37.3041109],[127.0745917,37.3043583],[127.0746615,37.3045504],[127.0747205,37.3047766],[127.0747607,37.30496],[127.0747902,37.3051477],[127.0747902,37.3053376],[127.0741411,37.3056043],[127.0738917,37.3060459],[127.0736423,37.3062486],[127.0732909,37.3065857],[127.0727142,37.3068759],[127.0721255,37.3066604],[127.0724379,37.3061975],[127.0722475,37.305775],[127.0722582,37.3056321],[127.0723226,37.3054721],[127.0732399,37.3045248],[127.0742578,37.3039125]]]},"properties":{"osm_id":"way/459571031","name":"포레나광교상현아파트","source":"OpenStreetMap","license":"https://opendatacommons.org/licenses/odbl/1-0/","apartment_ids":["[\"41465\",\"상현동\",\"1206\",\"포레나 광교상현\"]"],"match_methods":["inside"]}},{"type":"Feature","id":"way/1322057231","geometry":{"type":"Polygon","coordinates":[[[127.0881268,37.3090166],[127.0880344,37.3080624],[127.0878599,37.3076054],[127.0883842,37.3071513],[127.0892408,37.3069792],[127.0897361,37.3079892],[127.0896522,37.3080132],[127.0895497,37.3080553],[127.089471,37.3081006],[127.0892069,37.3082758],[127.0889475,37.3084118],[127.088847,37.3084772],[127.0886798,37.3085547],[127.0884755,37.3086911],[127.0882004,37.3089176],[127.0881411,37.3090065],[127.0881268,37.3090166]]]},"properties":{"osm_id":"way/1322057231","name":"","source":"OpenStreetMap","license":"https://opendatacommons.org/licenses/odbl/1-0/","apartment_ids":["[\"41465\",\"상현동\",\"1214\",\"더샵수지포레\"]"],"match_methods":["inside"]}},{"type":"Feature","id":"way/1379095764","geometry":{"type":"Polygon","coordinates":[[[127.0755434,37.3077155],[127.07575,37.3075857],[127.0757844,37.3075851],[127.0758646,37.3076223],[127.0759625,37.3076616],[127.076098,37.3076848],[127.0761785,37.3077025],[127.0762496,37.3077044],[127.0762687,37.3076885],[127.0762906,37.3076625],[127.0763256,37.3076256],[127.0763688,37.3076161],[127.0764272,37.3076217],[127.0764272,37.3077591],[127.0764541,37.3078464],[127.0764564,37.3080953],[127.0763128,37.3081751],[127.076154,37.3081723],[127.0759462,37.3081148],[127.0757606,37.3080154],[127.0756532,37.3078808],[127.0756146,37.3078176],[127.0755831,37.3078065],[127.0755434,37.3077155]]]},"properties":{"osm_id":"way/1379095764","name":"수지SM트윈빌아파트","source":"OpenStreetMap","license":"https://opendatacommons.org/licenses/odbl/1-0/","apartment_ids":["[\"41465\",\"상현동\",\"192-5\",\"SM트윈빌(102동)\"]"],"match_methods":["inside"]}},{"type":"Feature","id":"way/1376971077","geometry":{"type":"Polygon","coordinates":[[[127.0755601,37.3067691],[127.075822,37.3068226],[127.0759689,37.3068283],[127.076298,37.3067987],[127.0763219,37.3069697],[127.07636,37.307121],[127.0758804,37.3071632],[127.0757689,37.3071576],[127.0755219,37.3070791],[127.0754501,37.3070153],[127.0754132,37.3069366],[127.075484,37.3067508],[127.0755601,37.3067691]]]},"properties":{"osm_id":"way/1376971077","name":"삼성빌리지아파트","source":"OpenStreetMap","license":"https://opendatacommons.org/licenses/odbl/1-0/","apartment_ids":["[\"41465\",\"상현동\",\"194\",\"삼성빌리지(102동)\"]"],"match_methods":["inside"]}},{"type":"Feature","id":"way/460007502","geometry":{"type":"Polygon","coordinates":[[[127.078525,37.3041555],[127.0778624,37.3048595],[127.0767788,37.3042109],[127.0767011,37.3041683],[127.0766447,37.3041277],[127.0766179,37.3040957],[127.0766045,37.3040573],[127.0765964,37.3039912],[127.0765777,37.3039016],[127.0765401,37.3038077],[127.0764623,37.3036839],[127.0770041,37.3039848],[127.077149,37.3038589],[127.0774735,37.3038205],[127.0776586,37.3036199],[127.078525,37.3041555]]]},"properties":{"osm_id":"way/460007502","name":"상현마을 현대성우2차 아파트","source":"OpenStreetMap","license":"https://opendatacommons.org/licenses/odbl/1-0/","apartment_ids":["[\"41465\",\"상현동\",\"825\",\"상현마을현대성우2차\"]"],"match_methods":["inside"]}},{"type":"Feature","id":"way/461291236","geometry":{"type":"Polygon","coordinates":[[[127.0816615,37.3034393],[127.081589,37.3029806],[127.0822872,37.3023803],[127.0824277,37.3022994],[127.0824956,37.3024536],[127.082737,37.3027182],[127.0828094,37.3033625],[127.0816615,37.3034393]]]},"properties":{"osm_id":"way/461291236","name":"상현마을 금호베스트빌3단지아파트","source":"OpenStreetMap","license":"https://opendatacommons.org/licenses/odbl/1-0/","apartment_ids":["[\"41465\",\"상현동\",\"837\",\"상현마을금호베스트빌3단지\"]"],"match_methods":["inside"]}},{"type":"Feature","id":"way/460013938","geometry":{"type":"Polygon","coordinates":[[[127.0807819,37.3045349],[127.081667,37.3050875],[127.0810535,37.3057149],[127.0803688,37.3064103],[127.0802937,37.3063143],[127.0801542,37.3062268],[127.0795212,37.3058492],[127.0807819,37.3045349]]]},"properties":{"osm_id":"way/460013938","name":"상현마을 금호베스트빌4단지 아파트","source":"OpenStreetMap","license":"https://opendatacommons.org/licenses/odbl/1-0/","apartment_ids":["[\"41465\",\"상현동\",\"840\",\"상현마을금호베스트빌4단지\"]"],"match_methods":["inside"]}},{"type":"Feature","id":"way/461153734","geometry":{"type":"Polygon","coordinates":[[[127.0835616,37.3057485],[127.082816,37.3052844],[127.0829447,37.3050615],[127.082934,37.3047927],[127.0829876,37.3042465],[127.0829581,37.3037153],[127.082832,37.302689],[127.0826322,37.3024031],[127.0826067,37.3022847],[127.0829393,37.3022538],[127.0831378,37.3021834],[127.0831727,37.302241],[127.083233,37.3023285],[127.083349,37.3023775],[127.0836689,37.302354],[127.0836904,37.3024543],[127.0839076,37.3034145],[127.0837869,37.3034144],[127.083685,37.3040331],[127.0839103,37.3041441],[127.0837386,37.3047372],[127.0836689,37.3050743],[127.0835616,37.3057485]]]},"properties":{"osm_id":"way/461153734","name":"상현마을 현대성우3차아파트","source":"OpenStreetMap","license":"https://opendatacommons.org/licenses/odbl/1-0/","apartment_ids":["[\"41465\",\"상현동\",\"855\",\"상현마을현대성우3차\"]"],"match_methods":["inside"]}},{"type":"Feature","id":"way/1375049666","geometry":{"type":"Polygon","coordinates":[[[127.0596152,37.3155035],[127.0593903,37.3153898],[127.0595399,37.315197],[127.0597349,37.3152862],[127.0598708,37.3153607],[127.0599798,37.3154039],[127.0600756,37.3154245],[127.0601457,37.31541],[127.0602071,37.3153839],[127.0602479,37.3153491],[127.0603107,37.3153192],[127.0603797,37.3153318],[127.0603956,37.3153797],[127.0603761,37.3154289],[127.0603089,37.3155007],[127.06027,37.3155514],[127.060247,37.3156288],[127.0602487,37.3157273],[127.0602682,37.3157864],[127.0602576,37.3158413],[127.0600222,37.3157217],[127.0596152,37.3155035]]]},"properties":{"osm_id":"way/1375049666","name":"수지몽펠리에힐포레","source":"OpenStreetMap","license":"https://opendatacommons.org/licenses/odbl/1-0/","apartment_ids":["[\"41465\",\"성복동\",\"500-12\",\"몽펠리에힐포레102동\"]"],"match_methods":["inside"]}},{"type":"Feature","id":"way/342989794","geometry":{"type":"Polygon","coordinates":[[[127.0682589,37.3159704],[127.0682041,37.3161472],[127.0680658,37.3163156],[127.0679038,37.3163707],[127.0677051,37.3163824],[127.067509,37.3163729],[127.0672847,37.3163149],[127.0670457,37.3162292],[127.0667905,37.3161301],[127.066626,37.3160717],[127.0659021,37.3158095],[127.0651267,37.315527],[127.0649228,37.3154463],[127.0647994,37.3144266],[127.0647189,37.3144339],[127.0644703,37.3144538],[127.0644306,37.3143637],[127.0643682,37.3141205],[127.0643192,37.3138858],[127.0642978,37.3138037],[127.0642375,37.3137686],[127.0641329,37.3137354],[127.0637694,37.3137269],[127.0636621,37.3137227],[127.0635978,37.3136629],[127.0635441,37.3131083],[127.0641932,37.3130699],[127.0644775,37.3132491],[127.0645097,37.3133686],[127.0646116,37.313535],[127.064794,37.3137397],[127.0649335,37.3138848],[127.0650569,37.3139573],[127.0658776,37.3139616],[127.0659903,37.3140213],[127.0661512,37.3140469],[127.0666072,37.3141109],[127.066752,37.3141536],[127.0668432,37.3142347],[127.0669398,37.3146741],[127.066972,37.3147637],[127.0670364,37.3148192],[127.0671168,37.3148106],[127.0672026,37.314704],[127.0672992,37.3145845],[127.0673689,37.3144736],[127.0674226,37.3143541],[127.0674709,37.3142261],[127.0674816,37.3140768],[127.0674762,37.3139488],[127.0674333,37.3138208],[127.0674112,37.3136757],[127.0673882,37.3132839],[127.0678088,37.3132576],[127.0685438,37.3134454],[127.0684901,37.3136416],[127.0684955,37.3137952],[127.0685277,37.3139616],[127.0686242,37.3140128],[127.0687637,37.3140512],[127.0688173,37.3141152],[127.0687959,37.3142517],[127.0687959,37.3143669],[127.0687744,37.3144565],[127.0687691,37.3145504],[127.0687282,37.3146973],[127.0686853,37.3150856],[127.0686349,37.3151562],[127.0684687,37.3152074],[127.068356,37.3152415],[127.0683024,37.3153951],[127.0682541,37.3155402],[127.0682165,37.3157023],[127.0682079,37.3158264],[127.0682416,37.3159264],[127.0682589,37.3159704]]]},"properties":{"osm_id":"way/342989794","name":"성남마을벽산첼시빌아파트","source":"OpenStreetMap","license":"https://opendatacommons.org/licenses/odbl/1-0/","apartment_ids":["[\"41465\",\"성복동\",\"723\",\"벽산첼시빌2차\"]"],"match_methods":["inside"]}},{"type":"Feature","id":"way/345413574","geometry":{"type":"Polygon","coordinates":[[[127.0784303,37.3175061],[127.0779637,37.3160342],[127.0780446,37.3160133],[127.0781596,37.3159894],[127.0782149,37.3159522],[127.0791097,37.3156579],[127.0792469,37.3156208],[127.0801148,37.3153046],[127.0801845,37.3153217],[127.0802489,37.3154028],[127.0803454,37.3155094],[127.0804795,37.3156076],[127.0806297,37.3156886],[127.0807478,37.3157569],[127.0808604,37.3158422],[127.0809838,37.3159403],[127.0810911,37.3160385],[127.0811662,37.3161409],[127.081252,37.316256],[127.0813164,37.3163712],[127.0813432,37.3165334],[127.0811963,37.3165919],[127.0784303,37.3175061]]]},"properties":{"osm_id":"way/345413574","name":"푸른마을푸르지오아파트","source":"OpenStreetMap","license":"https://opendatacommons.org/licenses/odbl/1-0/","apartment_ids":["[\"41465\",\"성복동\",\"741\",\"푸른마을푸르지오\"]"],"match_methods":["inside"]}},{"type":"Feature","id":"way/341360150","geometry":{"type":"Polygon","coordinates":[[[127.0674291,37.3183634],[127.068266,37.3178206],[127.0684368,37.3179882],[127.0685631,37.3179729],[127.0695135,37.3215931],[127.0694411,37.3216102],[127.0693607,37.3216251],[127.0692936,37.32164],[127.0691863,37.3216933],[127.0690951,37.3217531],[127.0690173,37.3218128],[127.0689422,37.3218725],[127.068843,37.3219429],[127.0687464,37.3220069],[127.0686606,37.3220581],[127.0685506,37.3221071],[127.0681939,37.3222266],[127.067998,37.3222905],[127.0672825,37.3201637],[127.067916,37.3200371],[127.067539,37.3187574],[127.0674291,37.3183634]]]},"properties":{"osm_id":"way/341360150","name":"성동마을수지자이아파트","source":"OpenStreetMap","license":"https://opendatacommons.org/licenses/odbl/1-0/","apartment_ids":["[\"41465\",\"성복동\",\"752\",\"성동마을수지자이\"]"],"match_methods":["inside"]}},{"type":"Feature","id":"way/342988675","geometry":{"type":"Polygon","coordinates":[[[127.0611834,37.3162821],[127.0612424,37.3160518],[127.0612531,37.3160048],[127.0612858,37.3158997],[127.0613435,37.315664],[127.0613891,37.3155275],[127.0614079,37.3154123],[127.0616769,37.3155526],[127.0618969,37.3155142],[127.0619612,37.3154459],[127.0622241,37.3153521],[127.0621973,37.3152369],[127.0621651,37.3151345],[127.0621704,37.3150364],[127.0621812,37.314934],[127.0622026,37.3148102],[127.0622402,37.3147121],[127.0622392,37.3145884],[127.0621918,37.314492],[127.0621517,37.3144806],[127.062035,37.3144514],[127.0619065,37.3143334],[127.0617204,37.3140987],[127.0616037,37.313349],[127.0614684,37.3127293],[127.0615341,37.3125814],[127.0616373,37.3125097],[127.0618162,37.312468],[127.0620137,37.3124526],[127.0621543,37.3124509],[127.0622992,37.3124722],[127.0624708,37.3125106],[127.062605,37.3125575],[127.0627311,37.3126165],[127.0628749,37.3126442],[127.0630485,37.312653],[127.0631451,37.3126933],[127.0632128,37.312777],[127.0632595,37.3128922],[127.0632502,37.3130779],[127.063244,37.3132521],[127.0631848,37.3133723],[127.0630788,37.3135419],[127.0630474,37.3136169],[127.0630566,37.3137085],[127.0631038,37.3137522],[127.0631843,37.3138034],[127.0632433,37.3138588],[127.063238,37.3139228],[127.0632111,37.3140124],[127.0631897,37.314102],[127.0631521,37.3141788],[127.0631736,37.3142855],[127.0631736,37.3144177],[127.0631629,37.3145713],[127.0631468,37.3147334],[127.0631253,37.3148572],[127.0631414,37.3150108],[127.0631843,37.3151217],[127.0632701,37.3152284],[127.0633077,37.3152923],[127.0634473,37.3159119],[127.0634337,37.3159552],[127.0634017,37.3160167],[127.0628327,37.3163901],[127.0627353,37.3163011],[127.0625726,37.3163867],[127.0617145,37.3164144],[127.0614731,37.3163717],[127.0611834,37.3162821]]]},"properties":{"osm_id":"way/342988675","name":"버들치경남아너스빌1차아파트","source":"OpenStreetMap","license":"https://opendatacommons.org/licenses/odbl/1-0/","apartment_ids":["[\"41465\",\"성복동\",\"753\",\"버들치마을경남아너스빌1차\"]"],"match_methods":["inside"]}},{"type":"Feature","id":"way/342987780","geometry":{"type":"Polygon","coordinates":[[[127.0611732,37.3162784],[127.0608991,37.3162053],[127.060329,37.3158477],[127.0602722,37.3157668],[127.0602598,37.3157098],[127.0602634,37.3156344],[127.0602848,37.3155576],[127.0603205,37.315505],[127.0603867,37.3154352],[127.0604116,37.3153827],[127.0603924,37.3153225],[127.060306,37.3153073],[127.0602412,37.31533],[127.0601681,37.3153819],[127.0600688,37.3154045],[127.0599813,37.3153802],[127.0598965,37.3153517],[127.0595865,37.3152],[127.0598733,37.3147931],[127.0601438,37.3145611],[127.0604646,37.3146737],[127.0613926,37.315399],[127.0613765,37.3155227],[127.0613336,37.3156593],[127.0613014,37.3157872],[127.0612746,37.3158982],[127.0612429,37.3160053],[127.0611732,37.3162784]]]},"properties":{"osm_id":"way/342987780","name":"버들치경남아너스빌2차","source":"OpenStreetMap","license":"https://opendatacommons.org/licenses/odbl/1-0/","apartment_ids":["[\"41465\",\"성복동\",\"754\",\"버들치마을경남아너스빌2차\"]"],"match_methods":["inside"]}},{"type":"Feature","id":"way/341357385","geometry":{"type":"Polygon","coordinates":[[[127.061179,37.3217595],[127.061297,37.3216315],[127.0613506,37.321559],[127.0613828,37.3214736],[127.0614955,37.3212945],[127.0616096,37.3211052],[127.0616671,37.3209489],[127.0617262,37.3207697],[127.0617905,37.3205564],[127.0618549,37.3202834],[127.0619193,37.3200146],[127.0629975,37.3202578],[127.0630565,37.3201768],[127.0633355,37.3202578],[127.0635662,37.3202621],[127.0637646,37.3202706],[127.0639738,37.3202535],[127.0640972,37.3202279],[127.0642367,37.3201725],[127.0643333,37.3201256],[127.0647102,37.3208577],[127.0658824,37.3205457],[127.0660459,37.3212545],[127.065591,37.3216031],[127.0652497,37.3218541],[127.0647531,37.3219787],[127.0641255,37.3219498],[127.0633798,37.3222869],[127.0628648,37.3222143],[127.0623606,37.3217493],[127.061179,37.3217595]]]},"properties":{"osm_id":"way/341357385","name":"버들치성복힐스테이트3차아파트","source":"OpenStreetMap","license":"https://opendatacommons.org/licenses/odbl/1-0/","apartment_ids":["[\"41465\",\"성복동\",\"760\",\"버들치마을성복힐스테이트3차\"]"],"match_methods":["inside"]}},{"type":"Feature","id":"way/342984740","geometry":{"type":"Polygon","coordinates":[[[127.0575356,37.316135],[127.0587694,37.3170543],[127.0587615,37.3175256],[127.059019,37.3176237],[127.0595848,37.31785],[127.0598745,37.3178927],[127.0617198,37.3179951],[127.0616722,37.3187721],[127.061492,37.3187942],[127.0614106,37.3193114],[127.0584583,37.3187214],[127.0574792,37.3183299],[127.0570181,37.3163183],[127.0575356,37.316135]]]},"properties":{"osm_id":"way/342984740","name":"버들치성복자이2차아파트","source":"OpenStreetMap","license":"https://opendatacommons.org/licenses/odbl/1-0/","apartment_ids":["[\"41465\",\"성복동\",\"767\",\"버들치마을성복자이2차\"]"],"match_methods":["inside"]}},{"type":"Feature","id":"way/342991012","geometry":{"type":"Polygon","coordinates":[[[127.0712117,37.3145372],[127.0706877,37.3146068],[127.0694205,37.3149905],[127.0697878,37.3157376],[127.069622,37.3157963],[127.0695317,37.3155783],[127.0684177,37.3159439],[127.0683439,37.3159625],[127.0682863,37.315954],[127.068238,37.3158303],[127.0682541,37.3157151],[127.0683768,37.3152514],[127.0686451,37.3151768],[127.0687068,37.315092],[127.068747,37.3147037],[127.0688006,37.3144579],[127.0688261,37.3143725],[127.0688248,37.3142488],[127.0688489,37.3141192],[127.0688281,37.3140427],[127.0687422,37.3139872],[127.0686189,37.3139573],[127.0685652,37.3138891],[127.0685438,37.3137824],[127.0685384,37.31368],[127.0685545,37.3135904],[127.0685759,37.3135136],[127.0686349,37.3134027],[127.0687047,37.3133558],[127.0690802,37.3132064],[127.0693377,37.3132406],[127.070078,37.31304],[127.0704159,37.3130016],[127.0706734,37.3130571],[127.0708344,37.3132192],[127.0711026,37.3133856],[127.0716283,37.3142858],[127.0715921,37.3143946],[127.0714647,37.314465],[127.0712117,37.3145372]]]},"properties":{"osm_id":"way/342991012","name":"버들치성복힐스테이트1차아파트","source":"OpenStreetMap","license":"https://opendatacommons.org/licenses/odbl/1-0/","apartment_ids":["[\"41465\",\"성복동\",\"771\",\"버들치마을성복힐스테이트1차\"]"],"match_methods":["inside"]}},{"type":"Feature","id":"way/341352817","geometry":{"type":"Polygon","coordinates":[[[127.0630716,37.3224799],[127.0618635,37.3229691],[127.0616489,37.3225852],[127.0602087,37.3232164],[127.0599135,37.3226945],[127.0599347,37.3226305],[127.0601842,37.3225076],[127.0605266,37.3223656],[127.0606554,37.3223019],[127.0607969,37.3222111],[127.0609959,37.3220434],[127.061239,37.3218632],[127.0614671,37.3218006],[127.0623356,37.32178],[127.0630716,37.3224799]]]},"properties":{"osm_id":"way/341352817","name":"용인성복아이파크아파트","source":"OpenStreetMap","license":"https://opendatacommons.org/licenses/odbl/1-0/","apartment_ids":["[\"41465\",\"성복동\",\"780\",\"성복아이파크\"]"],"match_methods":["inside"]}},{"type":"Feature","id":"way/596042106","geometry":{"type":"Polygon","coordinates":[[[127.0748184,37.311961],[127.0746812,37.3118791],[127.074628,37.311865],[127.0745507,37.3118725],[127.0743975,37.3118961],[127.0742961,37.3118637],[127.0742436,37.3117588],[127.0741804,37.3114391],[127.0740086,37.3113731],[127.073773,37.3114018],[127.0733428,37.3110558],[127.073359,37.3105979],[127.0737626,37.31064],[127.0740127,37.3106325],[127.0743194,37.3106266],[127.0745923,37.3106236],[127.0749157,37.3107002],[127.0750154,37.3104421],[127.0751711,37.3102629],[127.0753444,37.310242],[127.0756148,37.3102409],[127.0758169,37.3102416],[127.0763511,37.3101085],[127.0764649,37.3103762],[127.0765655,37.3106706],[127.0764546,37.3108101],[127.0763325,37.3109232],[127.0756659,37.3113349],[127.0753522,37.3115492],[127.0748184,37.311961]]]},"properties":{"osm_id":"way/596042106","name":"성복역 롯데캐슬 파크나인","source":"OpenStreetMap","license":"https://opendatacommons.org/licenses/odbl/1-0/","apartment_ids":["[\"41465\",\"성복동\",\"814\",\"성복역롯데캐슬파크나인\"]"],"match_methods":["inside"]}},{"type":"Feature","id":"way/596042107","geometry":{"type":"Polygon","coordinates":[[[127.0735949,37.3145062],[127.0733257,37.3143513],[127.0730813,37.3144081],[127.0726615,37.3144401],[127.0724778,37.314263],[127.0723383,37.3142513],[127.0719936,37.3139441],[127.0715769,37.3132676],[127.0714545,37.3129276],[127.071071,37.3126663],[127.0710281,37.3121415],[127.0708903,37.3114159],[127.0704742,37.3111773],[127.0703803,37.3110034],[127.0704809,37.3107218],[127.0716467,37.3104346],[127.0722341,37.3105776],[127.072211,37.3107416],[127.0718867,37.3111856],[127.0722203,37.3114161],[127.0722104,37.3115772],[127.0728359,37.3119517],[127.0730837,37.3120353],[127.0731684,37.3121124],[127.0731327,37.3128303],[127.0743182,37.3128345],[127.0743315,37.3131183],[127.0744603,37.3137349],[127.0744604,37.3137988],[127.0744067,37.3139247],[127.0743352,37.3140423],[127.0741287,37.314246],[127.074016,37.3143249],[127.0735949,37.3145062]]]},"properties":{"osm_id":"way/596042107","name":"성복역롯데캐슬클라시엘아파트","source":"OpenStreetMap","license":"https://opendatacommons.org/licenses/odbl/1-0/","apartment_ids":["[\"41465\",\"성복동\",\"819\",\"성복역롯데캐슬클라시엘\"]"],"match_methods":["inside"]}},{"type":"Feature","id":"way/906964407","geometry":{"type":"Polygon","coordinates":[[[127.0671259,37.332131],[127.0676351,37.3322241],[127.0682298,37.3327744],[127.0687398,37.3331679],[127.0693608,37.3336888],[127.0684734,37.3341543],[127.0679022,37.3340382],[127.06742,37.3338618],[127.067038,37.3335309],[127.0664905,37.3327434],[127.0665874,37.3326121],[127.0666576,37.3325583],[127.0671259,37.332131]]]},"properties":{"osm_id":"way/906964407","name":"힐스테이트광교산아파트","source":"OpenStreetMap","license":"https://opendatacommons.org/licenses/odbl/1-0/","apartment_ids":["[\"41465\",\"신봉동\",\"1025\",\"힐스테이트광교산\"]"],"match_methods":["inside"]}},{"type":"Feature","id":"way/907185081","geometry":{"type":"Polygon","coordinates":[[[127.0695753,37.3270963],[127.0693984,37.3269433],[127.0691569,37.3267329],[127.0700238,37.3261306],[127.0701911,37.3260299],[127.0705559,37.3258627],[127.070616,37.3258814],[127.070807,37.326105],[127.0708027,37.3261954],[127.0695753,37.3270963]]]},"properties":{"osm_id":"way/907185081","name":"수지스카이뷰푸르지오아파트","source":"OpenStreetMap","license":"https://opendatacommons.org/licenses/odbl/1-0/","apartment_ids":["[\"41465\",\"신봉동\",\"1034\",\"수지스카이뷰푸르지오\"]"],"match_methods":["inside"]}},{"type":"Feature","id":"way/360986067","geometry":{"type":"Polygon","coordinates":[[[127.0802993,37.324141],[127.0819783,37.3238509],[127.0821017,37.3245206],[127.0814102,37.3248043],[127.0805197,37.3249494],[127.0802993,37.324141]]]},"properties":{"osm_id":"way/360986067","name":"한일유엔아이아파트","source":"OpenStreetMap","license":"https://opendatacommons.org/licenses/odbl/1-0/","apartment_ids":["[\"41465\",\"신봉동\",\"874\",\"한일드림빌\"]"],"match_methods":["inside"]}},{"type":"Feature","id":"way/360986068","geometry":{"type":"Polygon","coordinates":[[[127.0821446,37.3238381],[127.083711,37.3234542],[127.0838183,37.3237784],[127.0829672,37.3246763],[127.0822645,37.324495],[127.0821446,37.3238381]]]},"properties":{"osm_id":"way/360986068","name":"벽산블루밍아파트","source":"OpenStreetMap","license":"https://opendatacommons.org/licenses/odbl/1-0/","apartment_ids":["[\"41465\",\"신봉동\",\"876\",\"벽산블루밍\"]"],"match_methods":["inside"]}},{"type":"Feature","id":"way/360986449","geometry":{"type":"Polygon","coordinates":[[[127.0804937,37.3212572],[127.0806868,37.3209884],[127.0808049,37.3208434],[127.0810624,37.3205746],[127.0811703,37.320483],[127.0812716,37.3203826],[127.0816524,37.3200712],[127.0817222,37.3200072],[127.0817812,37.3199347],[127.0818187,37.3198536],[127.0819099,37.3197768],[127.0820494,37.3196702],[127.0821567,37.3195977],[127.0822694,37.3195379],[127.0823605,37.3195379],[127.082441,37.3195721],[127.0825,37.3197086],[127.0827146,37.3200243],[127.0828487,37.3202333],[127.0829399,37.3204082],[127.0830096,37.3205959],[127.0830686,37.3208092],[127.0830901,37.3209287],[127.0804937,37.3212572]]]},"properties":{"osm_id":"way/360986449","name":"효성화운트빌아파트","source":"OpenStreetMap","license":"https://opendatacommons.org/licenses/odbl/1-0/","apartment_ids":["[\"41465\",\"신봉동\",\"893\",\"서홍마을4\"]"],"match_methods":["inside"]}},{"type":"Feature","id":"way/360986333","geometry":{"type":"Polygon","coordinates":[[[127.0788629,37.321863],[127.0786001,37.3218757],[127.0784767,37.3214363],[127.0775865,37.3210334],[127.0773609,37.320741],[127.077287,37.32046],[127.0772372,37.3203029],[127.0772048,37.320123],[127.0790936,37.3197896],[127.0795657,37.321398],[127.0795281,37.3215643],[127.0789595,37.3214363],[127.0788576,37.3217051],[127.0788629,37.321863]]]},"properties":{"osm_id":"way/360986333","name":"신봉자이3차","source":"OpenStreetMap","license":"https://opendatacommons.org/licenses/odbl/1-0/","apartment_ids":["[\"41465\",\"신봉동\",\"912\",\"신봉마을자이3차\"]"],"match_methods":["inside"]}},{"type":"Feature","id":"way/360444131","geometry":{"type":"Polygon","coordinates":[[[127.0702685,37.3292649],[127.0700907,37.3289479],[127.0695811,37.3291527],[127.0695167,37.3290375],[127.0694524,37.3289479],[127.0693451,37.3288413],[127.0692324,37.3287517],[127.0687282,37.3283678],[127.0687067,37.3282996],[127.0698493,37.327374],[127.0702971,37.3279288],[127.0711,37.3289236],[127.0702685,37.3292649]]]},"properties":{"osm_id":"way/360444131","name":"신봉동부센트레빌1단지","source":"OpenStreetMap","license":"https://opendatacommons.org/licenses/odbl/1-0/","apartment_ids":["[\"41465\",\"신봉동\",\"959\",\"신봉마을용인신봉센트레빌1단지\"]"],"match_methods":["inside"]}},{"type":"Feature","id":"way/366318130","geometry":{"type":"Polygon","coordinates":[[[127.0711698,37.3288916],[127.0698676,37.3273596],[127.070954,37.3264467],[127.0710237,37.3264339],[127.0710881,37.3264425],[127.0711256,37.3264638],[127.071646,37.3277947],[127.0721717,37.3283961],[127.0721878,37.3284345],[127.0721663,37.3284687],[127.0711698,37.3288916]]]},"properties":{"osm_id":"way/366318130","name":"광교산자이아파트","source":"OpenStreetMap","license":"https://opendatacommons.org/licenses/odbl/1-0/","apartment_ids":["[\"41465\",\"신봉동\",\"960\",\"광교산자이\"]"],"match_methods":["named_entrance"]}},{"type":"Feature","id":"way/906166879","geometry":{"type":"Polygon","coordinates":[[[127.0674229,37.3285235],[127.0669993,37.3282171],[127.0675275,37.327789],[127.0679154,37.3280812],[127.0674229,37.3285235]]]},"properties":{"osm_id":"way/906166879","name":"수지신봉동도센트리움아파트","source":"OpenStreetMap","license":"https://opendatacommons.org/licenses/odbl/1-0/","apartment_ids":["[\"41465\",\"신봉동\",\"965\",\"수지신봉동도센트리움\"]"],"match_methods":["inside"]}},{"type":"Feature","id":"way/347516912","geometry":{"type":"Polygon","coordinates":[[[127.0639157,37.3290813],[127.0635984,37.3286955],[127.0658341,37.3272165],[127.0660594,37.3271482],[127.0662632,37.3271482],[127.0664885,37.3271824],[127.0666709,37.3272421],[127.0668104,37.3273018],[127.0669378,37.3273952],[127.0670804,37.3275091],[127.0656749,37.3285883],[127.065573,37.3286651],[127.0654872,37.328759],[127.0654349,37.3288293],[127.0653973,37.3289274],[127.0653651,37.3290298],[127.0653651,37.3291237],[127.0653705,37.3292388],[127.065392,37.3293583],[127.0654188,37.3294436],[127.0654402,37.3295332],[127.0654724,37.3296526],[127.0654992,37.3298019],[127.0655046,37.3299043],[127.0654456,37.3300536],[127.0653651,37.3301474],[127.0652793,37.3302029],[127.0651689,37.3302621],[127.0645895,37.3305095],[127.0635488,37.329264],[127.0639157,37.3290813]]]},"properties":{"osm_id":"way/347516912","name":"신봉동일하이빌4단지","source":"OpenStreetMap","license":"https://opendatacommons.org/licenses/odbl/1-0/","apartment_ids":["[\"41465\",\"신봉동\",\"976\",\"신봉동일하이빌4단지\"]"],"match_methods":["inside"]}},{"type":"Feature","id":"way/360443996","geometry":{"type":"Polygon","coordinates":[[[127.0681595,37.3266445],[127.0671242,37.3258212],[127.0690125,37.325032],[127.0694795,37.3255236],[127.0695882,37.3256711],[127.0695758,37.3256889],[127.0681595,37.3266445]]]},"properties":{"osm_id":"way/360443996","name":"신봉동일하이빌2단지","source":"OpenStreetMap","license":"https://opendatacommons.org/licenses/odbl/1-0/","apartment_ids":["[\"41465\",\"신봉동\",\"987\",\"신봉동일하이빌 2단지\"]"],"match_methods":["named_entrance"]}},{"type":"Feature","id":"way/181412443","geometry":{"type":"Polygon","coordinates":[[[127.0925851,37.3155889],[127.0926817,37.3155334],[127.0928212,37.3154694],[127.0929553,37.3154395],[127.093084,37.3154139],[127.0931967,37.3154289],[127.0933898,37.3154865],[127.0938189,37.3156486],[127.0939745,37.3157041],[127.094114,37.315751],[127.0942293,37.3157489],[127.0943447,37.3157126],[127.0948221,37.3161606],[127.0951279,37.3160113],[127.0954575,37.3164648],[127.09566,37.3166433],[127.0958356,37.3166128],[127.0967315,37.3162075],[127.0973163,37.3165787],[127.0989685,37.3166682],[127.0991402,37.3169285],[127.0994781,37.3169584],[127.0994727,37.3171759],[127.0994567,37.3173466],[127.0994137,37.3175855],[127.099344,37.3178414],[127.0992958,37.3180249],[127.0991938,37.3181955],[127.0992099,37.3184515],[127.0983194,37.3189379],[127.0977937,37.3194114],[127.0972573,37.3190488],[127.0967031,37.3186738],[127.0961559,37.3183325],[127.0957429,37.3180595],[127.0952351,37.3177391],[127.0949681,37.3175616],[127.094885,37.3175028],[127.0948005,37.3174342],[127.094232,37.3170991],[127.0938726,37.316873],[127.0932771,37.3165189],[127.0929158,37.3162335],[127.0927675,37.3159131],[127.0925851,37.3155889]]]},"properties":{"osm_id":"way/181412443","name":"진산마을 삼성5차아파트","source":"OpenStreetMap","license":"https://opendatacommons.org/licenses/odbl/1-0/","apartment_ids":["[\"41465\",\"풍덕천동\",\"1167\",\"진산마을삼성5차\"]"],"match_methods":["inside"]}},{"type":"Feature","id":"way/436500795","geometry":{"type":"Polygon","coordinates":[[[127.0983752,37.3201713],[127.0983637,37.3196577],[127.0979128,37.3193497],[127.098363,37.3189478],[127.09924,37.3184791],[127.1001721,37.3185208],[127.1002828,37.3187302],[127.1007677,37.3190593],[127.1008438,37.3192755],[127.1007374,37.3194031],[127.1008245,37.3195648],[127.101004,37.3195303],[127.1017167,37.3196492],[127.1016124,37.3197421],[127.1015562,37.3199419],[127.1018592,37.3200655],[127.1019906,37.3200482],[127.1022734,37.3200007],[127.1022929,37.3202501],[127.1020824,37.3201968],[127.1017126,37.3202409],[127.1016942,37.3204124],[127.1009804,37.3203915],[127.0990945,37.3199255],[127.0985998,37.320042],[127.0983752,37.3201713]]]},"properties":{"osm_id":"way/436500795","name":"진산마을 삼성6차아파트","source":"OpenStreetMap","license":"https://opendatacommons.org/licenses/odbl/1-0/","apartment_ids":["[\"41465\",\"풍덕천동\",\"1168-2\",\"진산마을삼성6차\"]"],"match_methods":["named_entrance"]}},{"type":"Feature","id":"way/462050222","geometry":{"type":"Polygon","coordinates":[[[127.0951138,37.3159836],[127.0948295,37.3161201],[127.0943843,37.3156892],[127.0944862,37.3156081],[127.0945935,37.31551],[127.0947383,37.3153479],[127.0948456,37.3151986],[127.0949261,37.3151388],[127.0950065,37.3151218],[127.0951246,37.3150876],[127.0952748,37.3150151],[127.0957683,37.3146781],[127.0967124,37.3156721],[127.0975493,37.315237],[127.0976244,37.3151303],[127.0976458,37.3150151],[127.0976297,37.3148999],[127.0975278,37.3147634],[127.0970236,37.3141277],[127.0973454,37.313957],[127.0979623,37.3134834],[127.0979731,37.3133043],[127.0980964,37.3133],[127.098311,37.3132659],[127.098472,37.3132317],[127.09859,37.3131848],[127.0985953,37.3134834],[127.0988796,37.3134877],[127.0990996,37.3137394],[127.0990996,37.3146311],[127.0988528,37.3150546],[127.0987348,37.3155367],[127.0991479,37.3157585],[127.0990459,37.3159121],[127.0988743,37.3160572],[127.0987187,37.3161809],[127.0984666,37.3163003],[127.0981984,37.3163515],[127.0973669,37.3163601],[127.097281,37.316023],[127.0971952,37.3158822],[127.0967607,37.31607],[127.0962725,37.3154129],[127.0951567,37.315895],[127.0951138,37.3159836]]]},"properties":{"osm_id":"way/462050222","name":"진산마을 삼성7차아파트","source":"OpenStreetMap","license":"https://opendatacommons.org/licenses/odbl/1-0/","apartment_ids":["[\"41465\",\"풍덕천동\",\"1180\",\"진산마을삼성7차\"]"],"match_methods":["inside"]}},{"type":"Feature","id":"way/362332731","geometry":{"type":"Polygon","coordinates":[[[127.1006675,37.3277556],[127.1006729,37.3281864],[127.1014679,37.3281672],[127.1014561,37.3282845],[127.1014078,37.3283656],[127.1013005,37.3284295],[127.1012039,37.3284807],[127.1011074,37.3285276],[127.1010591,37.3285703],[127.1010108,37.3286471],[127.1009947,37.3287068],[127.1009894,37.3299694],[127.1008982,37.3300462],[127.1007587,37.3301144],[127.1005709,37.3301827],[127.1004529,37.3302467],[127.1003349,37.3302936],[127.1002008,37.3303405],[127.1000667,37.3303832],[127.0999272,37.3304045],[127.0997931,37.330413],[127.0996429,37.330413],[127.0995302,37.3304088],[127.0994337,37.3303874],[127.0993264,37.3303618],[127.0992835,37.3303363],[127.0992245,37.3302936],[127.0991333,37.3302723],[127.0990314,37.3302595],[127.0989241,37.3302253],[127.0988597,37.3301699],[127.098849,37.3301144],[127.0988919,37.3283186],[127.0989026,37.3282077],[127.0989348,37.3281181],[127.0990099,37.3280158],[127.0991011,37.327939],[127.0992084,37.3278665],[127.0993318,37.3277982],[127.0994444,37.3277598],[127.0995946,37.3277513],[127.1006675,37.3277556]]]},"properties":{"osm_id":"way/362332731","name":"래미안수지이스트파크","source":"OpenStreetMap","license":"https://opendatacommons.org/licenses/odbl/1-0/","apartment_ids":["[\"41465\",\"풍덕천동\",\"1198\",\"래미안수지이스트파크\"]"],"match_methods":["inside"]}},{"type":"Feature","id":"way/345411986","geometry":{"type":"Polygon","coordinates":[[[127.0835877,37.3167484],[127.0845994,37.3154732],[127.0845974,37.3154084],[127.0845948,37.3153256],[127.0835563,37.3148565],[127.0837927,37.3144976],[127.0842613,37.314616],[127.0843754,37.3143962],[127.0856805,37.3147095],[127.0861293,37.3147486],[127.0861345,37.314965],[127.0862847,37.3151954],[127.0864939,37.3152295],[127.0860218,37.3161937],[127.0851582,37.3160487],[127.0850509,37.3161767],[127.0847411,37.3165436],[127.0845694,37.3169595],[127.0840813,37.3169425],[127.0835877,37.3167484]]]},"properties":{"osm_id":"way/345411986","name":"e편한세상수지","source":"OpenStreetMap","license":"https://opendatacommons.org/licenses/odbl/1-0/","apartment_ids":["[\"41465\",\"풍덕천동\",\"1209\",\"e편한세상수지\"]"],"match_methods":["inside"]}},{"type":"Feature","id":"way/490323707","geometry":{"type":"Polygon","coordinates":[[[127.0998317,37.3268903],[127.0996627,37.3270951],[127.0988768,37.3268349],[127.0987198,37.3277571],[127.0974194,37.3277946],[127.0971709,37.3273297],[127.0979863,37.3272273],[127.0976913,37.3267069],[127.0973909,37.3267666],[127.0973265,37.3264595],[127.0993489,37.3264894],[127.0998317,37.3268903]]]},"properties":{"osm_id":"way/490323707","name":"수지파크푸르지오","source":"OpenStreetMap","license":"https://opendatacommons.org/licenses/odbl/1-0/","apartment_ids":["[\"41465\",\"풍덕천동\",\"1223\",\"수지파크푸르지오\"]"],"match_methods":["inside"]}},{"type":"Feature","id":"way/363536469","geometry":{"type":"Polygon","coordinates":[[[127.0903037,37.3274273],[127.0904968,37.3272396],[127.0915831,37.3264036],[127.0921625,37.3268621],[127.0918802,37.3270663],[127.0922792,37.3273729],[127.09128,37.3280032],[127.0903037,37.3274273]]]},"properties":{"osm_id":"way/363536469","name":"수지삼성2차아파트","source":"OpenStreetMap","license":"https://opendatacommons.org/licenses/odbl/1-0/","apartment_ids":["[\"41465\",\"풍덕천동\",\"692-1\",\"수지삼성2차\"]"],"match_methods":["named_entrance"]}}],"matchedApartments":149}